{"type": "FeatureCollection", "features": [{"type": "Feature", "properties": {"filename": "DJI_20260904121942_0587_D.JPG", "camera": "v2 hasselblad l3d-100c 6144 4096 brown 0.7777", "focal": 0.7856188734892825, "width": 6144, "height": 4096, "capture_time": 1788524382.0, "translation": [476120.7815669744, 4293042.980733541, 266.4464769020944], "rotation": [-0.007938832193444073, -3.126539879816247, -0.023365983029908603]}, "geometry": {"type": "Point", "coordinates": [-93.27494054216358, 38.785800675375064, 266.4464769020944]}}, {"type": "Feature", "properties": {"filename": "DJI_20260904121850_0561_D.JPG", "camera": "v2 hasselblad l3d-100c 6144 4096 brown 0.7777", "focal": 0.7856188734892825, "width": 6144, "height": 4096, "capture_time": 1788524330.0, "translation": [476100.7845937018, 4293193.501332587, 266.0042510039272], "rotation": [-3.1278864977247305, 0.0037550188202505573, 0.01982793314131728]}, "geometry": {"type": "Point", "coordinates": [-93.27517599479246, 38.787156562416605, 266.0042510039272]}}, {"type": "Feature", "properties": {"filename": "DJI_20260904121842_0557_D.JPG", "camera": "v2 hasselblad l3d-100c 6144 4096 brown 0.7777", "focal": 0.7856188734892825, "width": 6144, "height": 4096, "capture_time": 1788524322.0, "translation": [476100.4029315715, 4293157.5847292, 266.1643588656701], "rotation": [-3.1289426970457646, 0.0012385057231381932, 0.023086258199097386]}, "geometry": {"type": "Point", "coordinates": [-93.27517914502727, 38.78683288662647, 266.1643588656701]}}, {"type": "Feature", "properties": {"filename": "DJI_20260904122724_0818_D.JPG", "camera": "v2 hasselblad l3d-100c 6144 4096 brown 0.7777", "focal": 0.7856188734892825, "width": 6144, "height": 4096, "capture_time": 1788524844.0, "translation": [476244.45065854595, 4293025.101457909, 266.57038285638106], "rotation": [0.022648978689464146, -3.1279502778058483, -0.025365325593271676]}, "geometry": {"type": "Point", "coordinates": [-93.27351604053749, 38.78564289604234, 266.57038285638106]}}, {"type": "Feature", "properties": {"filename": "DJI_20260904122130_0641_D.JPG", "camera": "v2 hasselblad l3d-100c 6144 4096 brown 0.7777", "focal": 0.7856188734892825, "width": 6144, "height": 4096, "capture_time": 1788524490.0, "translation": [476141.0398828907, 4293213.170116917, 265.26666174115826], "rotation": [-3.1104803772517493, 0.3181928292970297, 0.02274146795719495]}, "geometry": {"type": "Point", "coordinates": [-93.27471317982327, 38.787334899781904, 265.26666174115826]}}, {"type": "Feature", "properties": {"filename": "DJI_20260904121826_0549_D.JPG", "camera": "v2 hasselblad l3d-100c 6144 4096 brown 0.7777", "focal": 0.7856188734892825, "width": 6144, "height": 4096, "capture_time": 1788524306.0, "translation": [476100.52394073695, 4293086.363354377, 266.30974413056697], "rotation": [-3.128144999592188, -0.002535989435438479, 0.027351524795882133]}, "geometry": {"type": "Point", "coordinates": [-93.2751752846475, 38.78619107254348, 266.30974413056697]}}, {"type": "Feature", "properties": {"filename": "DJI_20260904121916_0574_D.JPG", "camera": "v2 hasselblad l3d-100c 6144 4096 brown 0.7777", "focal": 0.7856188734892825, "width": 6144, "height": 4096, "capture_time": 1788524356.0, "translation": [476121.23211711843, 4293159.437152108, 266.275941864459], "rotation": [-0.001355846361188605, -3.1308674906053664, 0.010010011342454756]}, "geometry": {"type": "Point", "coordinates": [-93.27493938517769, 38.78685014437035, 266.275941864459]}}, {"type": "Feature", "properties": {"filename": "DJI_20260904121838_0555_D.JPG", "camera": "v2 hasselblad l3d-100c 6144 4096 brown 0.7777", "focal": 0.7856188734892825, "width": 6144, "height": 4096, "capture_time": 1788524318.0, "translation": [476100.36036784796, 4293139.783050826, 266.242739332438], "rotation": [-3.128616468000579, -4.740779569771592e-05, 0.024971751912213836]}, "geometry": {"type": "Point", "coordinates": [-93.27517901843981, 38.78667246416861, 266.242739332438]}}, {"type": "Feature", "properties": {"filename": "DJI_20260904122916_0874_D.JPG", "camera": "v2 hasselblad l3d-100c 6144 4096 brown 0.7777", "focal": 0.7856188734892825, "width": 6144, "height": 4096, "capture_time": 1788524956.0, "translation": [476284.6335615792, 4293200.865318476, 266.2057068200227], "rotation": [-0.031511590322900684, -3.1281924629949045, 0.004986457156147]}, "geometry": {"type": "Point", "coordinates": [-93.27305943005211, 38.78722788896672, 266.2057068200227]}}, {"type": "Feature", "properties": {"filename": "DJI_20260904121844_0558_D.JPG", "camera": "v2 hasselblad l3d-100c 6144 4096 brown 0.7777", "focal": 0.7856188734892825, "width": 6144, "height": 4096, "capture_time": 1788524324.0, "translation": [476100.4631866965, 4293166.639750456, 266.16052589268077], "rotation": [-3.1286130272968085, 0.0019832188404216044, 0.02267854329023065]}, "geometry": {"type": "Point", "coordinates": [-93.27517876493046, 38.786914488334894, 266.16052589268077]}}, {"type": "Feature", "properties": {"filename": "DJI_20260904121840_0556_D.JPG", "camera": "v2 hasselblad l3d-100c 6144 4096 brown 0.7777", "focal": 0.7856188734892825, "width": 6144, "height": 4096, "capture_time": 1788524320.0, "translation": [476100.3105636257, 4293148.709946985, 266.18514659545946], "rotation": [-3.1288050510091936, 0.0003474107128862923, 0.02371115994769683]}, "geometry": {"type": "Point", "coordinates": [-93.27517990110888, 38.78675290828537, 266.18514659545946]}}, {"type": "Feature", "properties": {"filename": "DJI_20260904122712_0812_D.JPG", "camera": "v2 hasselblad l3d-100c 6144 4096 brown 0.7777", "focal": 0.7856188734892825, "width": 6144, "height": 4096, "capture_time": 1788524832.0, "translation": [476244.1676877632, 4293078.598065033, 266.50649166219205], "rotation": [0.02448122571058823, -3.125110129369966, -0.023911946918774515]}, "geometry": {"type": "Point", "coordinates": [-93.27352114048523, 38.786124977675996, 266.50649166219205]}}, {"type": "Feature", "properties": {"filename": "DJI_20260904122230_0671_D.JPG", "camera": "v2 hasselblad l3d-100c 6144 4096 brown 0.7777", "focal": 0.7856188734892825, "width": 6144, "height": 4096, "capture_time": 1788524550.0, "translation": [476162.07872295, 4292986.624639158, 266.09743736434183], "rotation": [0.009660042019720611, -3.1308181324999715, -0.014941045708270623]}, "geometry": {"type": "Point", "coordinates": [-93.27446311300515, 38.785293935309774, 266.09743736434183]}}, {"type": "Feature", "properties": {"filename": "DJI_20260904121904_0568_D.JPG", "camera": "v2 hasselblad l3d-100c 6144 4096 brown 0.7777", "focal": 0.7856188734892825, "width": 6144, "height": 4096, "capture_time": 1788524344.0, "translation": [476122.0560959242, 4293211.688089783, 265.8377798806982], "rotation": [-0.10579791767023208, -3.137809448900505, 0.03408531014241145]}, "geometry": {"type": "Point", "coordinates": [-93.27493170639976, 38.7873210303399, 265.8377798806982]}}, {"type": "Feature", "properties": {"filename": "DJI_20260904122912_0872_D.JPG", "camera": "v2 hasselblad l3d-100c 6144 4096 brown 0.7777", "focal": 0.7856188734892825, "width": 6144, "height": 4096, "capture_time": 1788524952.0, "translation": [476284.156322954, 4293213.117490014, 265.7486305828548], "rotation": [-0.4772537325381348, 3.0933699209646286, -0.024217250037156177]}, "geometry": {"type": "Point", "coordinates": [-93.27306534610254, 38.78733828759849, 265.7486305828548]}}, {"type": "Feature", "properties": {"filename": "DJI_20260904121830_0551_D.JPG", "camera": "v2 hasselblad l3d-100c 6144 4096 brown 0.7777", "focal": 0.7856188734892825, "width": 6144, "height": 4096, "capture_time": 1788524310.0, "translation": [476100.508694321, 4293104.148312526, 266.28719077343425], "rotation": [-3.128470240176925, -0.00146938540745096, 0.026591800877016757]}, "geometry": {"type": "Point", "coordinates": [-93.27517607625246, 38.78635134277156, 266.28719077343425]}}, {"type": "Feature", "properties": {"filename": "DJI_20260904121914_0573_D.JPG", "camera": "v2 hasselblad l3d-100c 6144 4096 brown 0.7777", "focal": 0.7856188734892825, "width": 6144, "height": 4096, "capture_time": 1788524354.0, "translation": [476121.319959444, 4293168.372625736, 266.1312663462958], "rotation": [-0.003621448580105109, -3.1331498460024623, 0.016547992560462053]}, "geometry": {"type": "Point", "coordinates": [-93.27493868303488, 38.78693066951267, 266.1312663462958]}}, {"type": "Feature", "properties": {"filename": "DJI_20260904121802_0537_D.JPG", "camera": "v2 hasselblad l3d-100c 6144 4096 brown 0.7777", "focal": 0.7856188734892825, "width": 6144, "height": 4096, "capture_time": 1788524282.0, "translation": [476100.3324687178, 4292977.963296422, 266.1056380049157], "rotation": [-3.138166180922828, 0.006999955775759387, 0.028932453449647608]}, "geometry": {"type": "Point", "coordinates": [-93.27517373436305, 38.78521421104656, 266.1056380049157]}}, {"type": "Feature", "properties": {"filename": "DJI_20260904122124_0638_D.JPG", "camera": "v2 hasselblad l3d-100c 6144 4096 brown 0.7777", "focal": 0.7856188734892825, "width": 6144, "height": 4096, "capture_time": 1788524484.0, "translation": [476141.4013361062, 4293187.7832138175, 265.4036761007175], "rotation": [-3.1302807527519634, -0.008076673019198628, 0.030144348339585424]}, "geometry": {"type": "Point", "coordinates": [-93.2747081401527, 38.78710613338775, 265.4036761007175]}}, {"type": "Feature", "properties": {"filename": "DJI_20260904121846_0559_D.JPG", "camera": "v2 hasselblad l3d-100c 6144 4096 brown 0.7777", "focal": 0.7856188734892825, "width": 6144, "height": 4096, "capture_time": 1788524326.0, "translation": [476100.4477428532, 4293175.643618766, 266.1354720311749], "rotation": [-3.128180123848624, 0.002893978911129369, 0.02130107876732288]}, "geometry": {"type": "Point", "coordinates": [-93.27517925464934, 38.78699562702079, 266.1354720311749]}}, {"type": "Feature", "properties": {"filename": "DJI_20260904121912_0572_D.JPG", "camera": "v2 hasselblad l3d-100c 6144 4096 brown 0.7777", "focal": 0.7856188734892825, "width": 6144, "height": 4096, "capture_time": 1788524352.0, "translation": [476121.3060086599, 4293177.279707048, 266.068824996698], "rotation": [-0.007944182752168736, -3.1349531328234534, 0.02208679068183521]}, "geometry": {"type": "Point", "coordinates": [-93.27493915194113, 38.787010936036744, 266.068824996698]}}, {"type": "Feature", "properties": {"filename": "DJI_20260904121934_0583_D.JPG", "camera": "v2 hasselblad l3d-100c 6144 4096 brown 0.7777", "focal": 0.7856188734892825, "width": 6144, "height": 4096, "capture_time": 1788524374.0, "translation": [476121.0608872657, 4293079.089867037, 266.4980494783167], "rotation": [-0.0033996422874189385, -3.1239385751318407, -0.020318893917174813]}, "geometry": {"type": "Point", "coordinates": [-93.27493857586697, 38.786126083448856, 266.4980494783167]}}, {"type": "Feature", "properties": {"filename": "DJI_20260904121822_0547_D.JPG", "camera": "v2 hasselblad l3d-100c 6144 4096 brown 0.7777", "focal": 0.7856188734892825, "width": 6144, "height": 4096, "capture_time": 1788524302.0, "translation": [476100.62973371154, 4293068.602497141, 266.3717171792006], "rotation": [-3.1265151191382046, -0.0019421463693188108, 0.028812963485706035]}, "geometry": {"type": "Point", "coordinates": [-93.27517345135594, 38.78603102195321, 266.3717171792006]}}, {"type": "Feature", "properties": {"filename": "DJI_20260904121910_0571_D.JPG", "camera": "v2 hasselblad l3d-100c 6144 4096 brown 0.7777", "focal": 0.7856188734892825, "width": 6144, "height": 4096, "capture_time": 1788524350.0, "translation": [476121.3649159289, 4293186.124598231, 266.0115473186954], "rotation": [-0.015985266821747397, -3.137612623277628, 0.02782331085425332]}, "geometry": {"type": "Point", "coordinates": [-93.27493877981732, 38.78709064410182, 266.0115473186954]}}, {"type": "Feature", "properties": {"filename": "DJI_20260904121920_0576_D.JPG", "camera": "v2 hasselblad l3d-100c 6144 4096 brown 0.7777", "focal": 0.7856188734892825, "width": 6144, "height": 4096, "capture_time": 1788524360.0, "translation": [476121.15482698637, 4293141.671300621, 266.3532462134378], "rotation": [0.0004201868018927573, -3.1265940696995136, -0.0008826903054753198]}, "geometry": {"type": "Point", "coordinates": [-93.27493966020086, 38.78669004382705, 266.3532462134378]}}, {"type": "Feature", "properties": {"filename": "DJI_20260904122430_0731_D.JPG", "camera": "v2 hasselblad l3d-100c 6144 4096 brown 0.7777", "focal": 0.7856188734892825, "width": 6144, "height": 4096, "capture_time": 1788524670.0, "translation": [476203.0870569854, 4293129.114421366, 266.530197286665], "rotation": [0.020318140747095103, -3.12838680982649, -0.01232423328150672]}, "geometry": {"type": "Point", "coordinates": [-93.27399587412525, 38.78657910207561, 266.530197286665]}}, {"type": "Feature", "properties": {"filename": "DJI_20260904121858_0565_D.JPG", "camera": "v2 hasselblad l3d-100c 6144 4096 brown 0.7777", "focal": 0.7856188734892825, "width": 6144, "height": 4096, "capture_time": 1788524338.0, "translation": [476105.05759683857, 4293220.200323317, 265.80802090916393], "rotation": [-2.0166336678133825, 2.392858842002276, -0.015884084931954683]}, "geometry": {"type": "Point", "coordinates": [-93.27512772059454, 38.787397278409486, 265.80802090916393]}}, {"type": "Feature", "properties": {"filename": "DJI_20260904122154_0653_D.JPG", "camera": "v2 hasselblad l3d-100c 6144 4096 brown 0.7777", "focal": 0.7856188734892825, "width": 6144, "height": 4096, "capture_time": 1788524514.0, "translation": [476161.9671755882, 4293147.845679751, 265.5575507818896], "rotation": [0.016121436648611005, -3.1280420582661863, 0.002501862958703471]}, "geometry": {"type": "Point", "coordinates": [-93.27446996749909, 38.78674678936636, 265.5575507818896]}}, {"type": "Feature", "properties": {"filename": "DJI_20260904121936_0584_D.JPG", "camera": "v2 hasselblad l3d-100c 6144 4096 brown 0.7777", "focal": 0.7856188734892825, "width": 6144, "height": 4096, "capture_time": 1788524376.0, "translation": [476121.08188628807, 4293070.055595577, 266.4534197026299], "rotation": [-0.004381338592332829, -3.1247485983156023, -0.022027317662122004]}, "geometry": {"type": "Point", "coordinates": [-93.27493802141971, 38.78604467091877, 266.4534197026299]}}, {"type": "Feature", "properties": {"filename": "DJI_20260904121848_0560_D.JPG", "camera": "v2 hasselblad l3d-100c 6144 4096 brown 0.7777", "focal": 0.7856188734892825, "width": 6144, "height": 4096, "capture_time": 1788524328.0, "translation": [476100.69156045583, 4293184.587853498, 266.07163140246763], "rotation": [-3.128147401557031, 0.0029981038616854793, 0.01996513116629762]}, "geometry": {"type": "Point", "coordinates": [-93.27517675719855, 38.787076235341814, 266.07163140246763]}}, {"type": "Feature", "properties": {"filename": "DJI_20260904122748_0830_D.JPG", "camera": "v2 hasselblad l3d-100c 6144 4096 brown 0.7777", "focal": 0.7856188734892825, "width": 6144, "height": 4096, "capture_time": 1788524868.0, "translation": [476244.2000896116, 4292916.559236476, 266.1272742523045], "rotation": [0.024228530551543333, -3.132381477190404, -0.02972447737258256]}, "geometry": {"type": "Point", "coordinates": [-93.27351518846757, 38.78466475163799, 266.1272742523045]}}, {"type": "Feature", "properties": {"filename": "DJI_20260904122058_0625_D.JPG", "camera": "v2 hasselblad l3d-100c 6144 4096 brown 0.7777", "focal": 0.7856188734892825, "width": 6144, "height": 4096, "capture_time": 1788524458.0, "translation": [476141.5649462347, 4293072.508018602, 265.7951305598609], "rotation": [-3.1308483235804245, 0.0083516953059304, 0.026462212100235565]}, "geometry": {"type": "Point", "coordinates": [-93.27470227008844, 38.78606732574483, 265.7951305598609]}}, {"type": "Feature", "properties": {"filename": "DJI_20260904121918_0575_D.JPG", "camera": "v2 hasselblad l3d-100c 6144 4096 brown 0.7777", "focal": 0.7856188734892825, "width": 6144, "height": 4096, "capture_time": 1788524358.0, "translation": [476121.18632034765, 4293150.560416867, 266.35024026920405], "rotation": [0.00033551241649810645, -3.1289227820034013, 0.004114212155248322]}, "geometry": {"type": "Point", "coordinates": [-93.27493960524694, 38.78677014969175, 266.35024026920405]}}, {"type": "Feature", "properties": {"filename": "DJI_20260904121908_0570_D.JPG", "camera": "v2 hasselblad l3d-100c 6144 4096 brown 0.7777", "focal": 0.7856188734892825, "width": 6144, "height": 4096, "capture_time": 1788524348.0, "translation": [476121.48741661507, 4293195.245859002, 265.98260964169845], "rotation": [-0.031060509377096826, -3.138692795981176, 0.03153330381948248]}, "geometry": {"type": "Point", "coordinates": [-93.2749376850505, 38.78717284441587, 265.98260964169845]}}, {"type": "Feature", "properties": {"filename": "DJI_20260904122802_0837_D.JPG", "camera": "v2 hasselblad l3d-100c 6144 4096 brown 0.7777", "focal": 0.7856188734892825, "width": 6144, "height": 4096, "capture_time": 1788524882.0, "translation": [476264.78812709486, 4292926.94415224, 265.8940645253502], "rotation": [3.1193228770600374, 0.05971765433562695, -0.0177456977360894]}, "geometry": {"type": "Point", "coordinates": [-93.27327850541946, 38.78475889076425, 265.8940645253502]}}, {"type": "Feature", "properties": {"filename": "DJI_20260904122118_0635_D.JPG", "camera": "v2 hasselblad l3d-100c 6144 4096 brown 0.7777", "focal": 0.7856188734892825, "width": 6144, "height": 4096, "capture_time": 1788524478.0, "translation": [476141.4056383137, 4293160.867698588, 265.4914423929195], "rotation": [-3.131864360067102, -0.0056701998397039825, 0.03059354849224849]}, "geometry": {"type": "Point", "coordinates": [-93.27470715984055, 38.78686358210229, 265.4914423929195]}}, {"type": "Feature", "properties": {"filename": "DJI_20260904121852_0562_D.JPG", "camera": "v2 hasselblad l3d-100c 6144 4096 brown 0.7777", "focal": 0.7856188734892825, "width": 6144, "height": 4096, "capture_time": 1788524332.0, "translation": [476100.79915709386, 4293202.461239169, 266.0114591794269], "rotation": [-3.1276662077359156, 0.0053046503148874175, 0.020281308581057263]}, "geometry": {"type": "Point", "coordinates": [-93.2751761374881, 38.78723730574798, 266.0114591794269]}}, {"type": "Feature", "properties": {"filename": "DJI_20260904121906_0569_D.JPG", "camera": "v2 hasselblad l3d-100c 6144 4096 brown 0.7777", "focal": 0.7856188734892825, "width": 6144, "height": 4096, "capture_time": 1788524346.0, "translation": [476121.50333520886, 4293204.259231122, 265.84593357363843], "rotation": [-0.05749771422165014, -3.138685605439387, 0.032600417950177735]}, "geometry": {"type": "Point", "coordinates": [-93.2749378137243, 38.78725406959412, 265.84593357363843]}}, {"type": "Feature", "properties": {"filename": "DJI_20260904122458_0745_D.JPG", "camera": "v2 hasselblad l3d-100c 6144 4096 brown 0.7777", "focal": 0.7856188734892825, "width": 6144, "height": 4096, "capture_time": 1788524698.0, "translation": [476203.47474630305, 4293004.302594995, 266.45261025405466], "rotation": [0.024611331609126652, -3.12960820519662, -0.019898943210018748]}, "geometry": {"type": "Point", "coordinates": [-93.27398710561093, 38.7854543601429, 266.45261025405466]}}, {"type": "Feature", "properties": {"filename": "DJI_20260904121922_0577_D.JPG", "camera": "v2 hasselblad l3d-100c 6144 4096 brown 0.7777", "focal": 0.7856188734892825, "width": 6144, "height": 4096, "capture_time": 1788524362.0, "translation": [476121.1692836525, 4293132.762208207, 266.39244899004007], "rotation": [0.0005708886309397972, -3.1257667373919378, -0.005117757976097897]}, "geometry": {"type": "Point", "coordinates": [-93.27493918540407, 38.78660975918905, 266.39244899004007]}}, {"type": "Feature", "properties": {"filename": "DJI_20260904121836_0554_D.JPG", "camera": "v2 hasselblad l3d-100c 6144 4096 brown 0.7777", "focal": 0.7856188734892825, "width": 6144, "height": 4096, "capture_time": 1788524316.0, "translation": [476100.2707160266, 4293130.846835117, 266.28222681904515], "rotation": [-3.1287551224503867, -0.00014804949419986387, 0.02541900754391018]}, "geometry": {"type": "Point", "coordinates": [-93.27517974111994, 38.78659193228591, 266.28222681904515]}}, {"type": "Feature", "properties": {"filename": "DJI_20260904122600_0776_D.JPG", "camera": "v2 hasselblad l3d-100c 6144 4096 brown 0.7777", "focal": 0.7856188734892825, "width": 6144, "height": 4096, "capture_time": 1788524760.0, "translation": [476223.8862207451, 4293057.944292019, 266.0272696418785], "rotation": [-3.1298785899474786, -0.015525184421745528, 0.031024779814061754]}, "geometry": {"type": "Point", "coordinates": [-93.2737539440857, 38.78593830765015, 266.0272696418785]}}, {"type": "Feature", "properties": {"filename": "DJI_20260904121924_0578_D.JPG", "camera": "v2 hasselblad l3d-100c 6144 4096 brown 0.7777", "focal": 0.7856188734892825, "width": 6144, "height": 4096, "capture_time": 1788524364.0, "translation": [476121.1714639226, 4293123.792550134, 266.45122213933587], "rotation": [-0.00018611587248125078, -3.1250623469091594, -0.008710113379787748]}, "geometry": {"type": "Point", "coordinates": [-93.27493884986059, 38.78652892842489, 266.45122213933587]}}, {"type": "Feature", "properties": {"filename": "DJI_20260904121834_0553_D.JPG", "camera": "v2 hasselblad l3d-100c 6144 4096 brown 0.7777", "focal": 0.7856188734892825, "width": 6144, "height": 4096, "capture_time": 1788524314.0, "translation": [476100.3062639229, 4293121.957058795, 266.2509936219109], "rotation": [-3.128890518751968, -0.0006829636503051563, 0.026300293887849734]}, "geometry": {"type": "Point", "coordinates": [-93.27517902388432, 38.78651182228893, 266.2509936219109]}}, {"type": "Feature", "properties": {"filename": "DJI_20260904122112_0632_D.JPG", "camera": "v2 hasselblad l3d-100c 6144 4096 brown 0.7777", "focal": 0.7856188734892825, "width": 6144, "height": 4096, "capture_time": 1788524472.0, "translation": [476141.6122554211, 4293134.317356466, 265.58898924230397], "rotation": [-3.132351247812988, -0.0011909710602654934, 0.02956179654627218]}, "geometry": {"type": "Point", "coordinates": [-93.27470386275273, 38.78662432707046, 265.58898924230397]}}, {"type": "Feature", "properties": {"filename": "DJI_20260904122614_0783_D.JPG", "camera": "v2 hasselblad l3d-100c 6144 4096 brown 0.7777", "focal": 0.7856188734892825, "width": 6144, "height": 4096, "capture_time": 1788524774.0, "translation": [476223.6991203419, 4293120.288442713, 266.08462406336815], "rotation": [-3.1303296360409583, -0.015837036131889984, 0.03359997662586841]}, "geometry": {"type": "Point", "coordinates": [-93.27375824673557, 38.786500122216474, 266.08462406336815]}}, {"type": "Feature", "properties": {"filename": "DJI_20260904122304_0688_D.JPG", "camera": "v2 hasselblad l3d-100c 6144 4096 brown 0.7777", "focal": 0.7856188734892825, "width": 6144, "height": 4096, "capture_time": 1788524584.0, "translation": [476182.49692601303, 4292944.605474603, 265.75491190205554], "rotation": [3.1278297205966306, 0.01935627982679431, -0.016169997092438642]}, "geometry": {"type": "Point", "coordinates": [-93.27422657562487, 38.78491582786868, 265.75491190205554]}}, {"type": "Feature", "properties": {"filename": "DJI_20260904122122_0637_D.JPG", "camera": "v2 hasselblad l3d-100c 6144 4096 brown 0.7777", "focal": 0.7856188734892825, "width": 6144, "height": 4096, "capture_time": 1788524482.0, "translation": [476141.3986520473, 4293178.836500975, 265.3936085746836], "rotation": [-3.130412844187303, -0.008186375024660662, 0.030202022381982423]}, "geometry": {"type": "Point", "coordinates": [-93.27470786166519, 38.787025509270066, 265.3936085746836]}}, {"type": "Feature", "properties": {"filename": "DJI_20260904122810_0841_D.JPG", "camera": "v2 hasselblad l3d-100c 6144 4096 brown 0.7777", "focal": 0.7856188734892825, "width": 6144, "height": 4096, "capture_time": 1788524890.0, "translation": [476264.7512555334, 4292962.471910194, 265.9850264911624], "rotation": [3.1330365508873803, 0.02881713621836719, -0.023910017837282475]}, "geometry": {"type": "Point", "coordinates": [-93.27328015206427, 38.785079051266095, 265.9850264911624]}}, {"type": "Feature", "properties": {"filename": "DJI_20260904122120_0636_D.JPG", "camera": "v2 hasselblad l3d-100c 6144 4096 brown 0.7777", "focal": 0.7856188734892825, "width": 6144, "height": 4096, "capture_time": 1788524480.0, "translation": [476141.42224776343, 4293169.822489372, 265.4322134449711], "rotation": [-3.131389660987845, -0.00733222830874129, 0.029911487361507966]}, "geometry": {"type": "Point", "coordinates": [-93.27470727826989, 38.78694427939417, 265.4322134449711]}}, {"type": "Feature", "properties": {"filename": "DJI_20260904121952_0592_D.JPG", "camera": "v2 hasselblad l3d-100c 6144 4096 brown 0.7777", "focal": 0.7856188734892825, "width": 6144, "height": 4096, "capture_time": 1788524392.0, "translation": [476120.6674628531, 4292997.659208496, 266.4644262285388], "rotation": [-0.011579802893225619, -3.1276550125392952, -0.021218747740624776]}, "geometry": {"type": "Point", "coordinates": [-93.2749402873842, 38.785392253506174, 266.4644262285388]}}, {"type": "Feature", "properties": {"filename": "DJI_20260904122116_0634_D.JPG", "camera": "v2 hasselblad l3d-100c 6144 4096 brown 0.7777", "focal": 0.7856188734892825, "width": 6144, "height": 4096, "capture_time": 1788524476.0, "translation": [476141.5424123035, 4293151.956934622, 265.53389979939703], "rotation": [-3.132108510201138, -0.004231544733296917, 0.03130061160279811]}, "geometry": {"type": "Point", "coordinates": [-93.2747052769029, 38.78678328571207, 265.53389979939703]}}, {"type": "Feature", "properties": {"filename": "DJI_20260904122126_0639_D.JPG", "camera": "v2 hasselblad l3d-100c 6144 4096 brown 0.7777", "focal": 0.7856188734892825, "width": 6144, "height": 4096, "capture_time": 1788524486.0, "translation": [476141.3118729312, 4293196.724134611, 265.40107924369187], "rotation": [-3.1295023378024736, -0.007852457199607858, 0.02940393673010863]}, "geometry": {"type": "Point", "coordinates": [-93.2747094794151, 38.78718670281472, 265.40107924369187]}}, {"type": "Feature", "properties": {"filename": "DJI_20260904122910_0871_D.JPG", "camera": "v2 hasselblad l3d-100c 6144 4096 brown 0.7777", "focal": 0.7856188734892825, "width": 6144, "height": 4096, "capture_time": 1788524950.0, "translation": [476274.0211112919, 4293215.704016818, 265.8709666718883], "rotation": [-1.5766396204022042, 2.7055953656297933, -0.013922544970908153]}, "geometry": {"type": "Point", "coordinates": [-93.2731821311261, 38.78736132356196, 265.8709666718883]}}, {"type": "Feature", "properties": {"filename": "DJI_20260904122114_0633_D.JPG", "camera": "v2 hasselblad l3d-100c 6144 4096 brown 0.7777", "focal": 0.7856188734892825, "width": 6144, "height": 4096, "capture_time": 1788524474.0, "translation": [476141.67067989113, 4293143.124560875, 265.5620913804838], "rotation": [-3.1319955612765034, -0.0025856515788519083, 0.03082004360513789]}, "geometry": {"type": "Point", "coordinates": [-93.27470349462202, 38.786703695510454, 265.5620913804838]}}, {"type": "Feature", "properties": {"filename": "DJI_20260904122814_0843_D.JPG", "camera": "v2 hasselblad l3d-100c 6144 4096 brown 0.7777", "focal": 0.7856188734892825, "width": 6144, "height": 4096, "capture_time": 1788524894.0, "translation": [476264.5792440969, 4292980.374296643, 266.0174969022228], "rotation": [-3.141286554582423, -0.027446727574637887, 0.028559651972427103]}, "geometry": {"type": "Point", "coordinates": [-93.27328274836684, 38.78524037554757, 266.0174969022228]}}, {"type": "Feature", "properties": {"filename": "DJI_20260904121854_0563_D.JPG", "camera": "v2 hasselblad l3d-100c 6144 4096 brown 0.7777", "focal": 0.7856188734892825, "width": 6144, "height": 4096, "capture_time": 1788524334.0, "translation": [476100.9587137415, 4293210.978029135, 265.9116486483928], "rotation": [-3.1266888247350826, 0.006293367650383078, 0.02134652986441564]}, "geometry": {"type": "Point", "coordinates": [-93.27517459539396, 38.787314059827494, 265.9116486483928]}}, {"type": "Feature", "properties": {"filename": "DJI_20260904121932_0582_D.JPG", "camera": "v2 hasselblad l3d-100c 6144 4096 brown 0.7777", "focal": 0.7856188734892825, "width": 6144, "height": 4096, "capture_time": 1788524372.0, "translation": [476121.0988300032, 4293088.152119129, 266.4920090187683], "rotation": [-0.0020146008953278306, -3.123713183466633, -0.018252343499416727]}, "geometry": {"type": "Point", "coordinates": [-93.27493845264421, 38.786207749724255, 266.4920090187683]}}, {"type": "Feature", "properties": {"filename": "DJI_20260904122132_0642_D.JPG", "camera": "v2 hasselblad l3d-100c 6144 4096 brown 0.7777", "focal": 0.7856188734892825, "width": 6144, "height": 4096, "capture_time": 1788524492.0, "translation": [476142.57967748697, 4293218.081358875, 265.1990281247139], "rotation": [-2.644332939617161, 1.6675818806618343, 0.002218533239440232]}, "geometry": {"type": "Point", "coordinates": [-93.2746956205785, 38.787379199519876, 265.1990281247139]}}, {"type": "Feature", "properties": {"filename": "DJI_20260904121926_0579_D.JPG", "camera": "v2 hasselblad l3d-100c 6144 4096 brown 0.7777", "focal": 0.7856188734892825, "width": 6144, "height": 4096, "capture_time": 1788524366.0, "translation": [476121.0543134958, 4293114.875674252, 266.45016434327573], "rotation": [-0.00034187292676319256, -3.124660190940981, -0.012157516745450445]}, "geometry": {"type": "Point", "coordinates": [-93.27493989009268, 38.78644857007829, 266.45016434327573]}}, {"type": "Feature", "properties": {"filename": "DJI_20260904121944_0588_D.JPG", "camera": "v2 hasselblad l3d-100c 6144 4096 brown 0.7777", "focal": 0.7856188734892825, "width": 6144, "height": 4096, "capture_time": 1788524384.0, "translation": [476120.7375051623, 4293033.864472613, 266.48798646320813], "rotation": [-0.00942695887552616, -3.1268836604754613, -0.023808044436318242]}, "geometry": {"type": "Point", "coordinates": [-93.27494073396979, 38.785718522223014, 266.48798646320813]}}, {"type": "Feature", "properties": {"filename": "DJI_20260904121832_0552_D.JPG", "camera": "v2 hasselblad l3d-100c 6144 4096 brown 0.7777", "focal": 0.7856188734892825, "width": 6144, "height": 4096, "capture_time": 1788524312.0, "translation": [476100.40482927574, 4293113.048413859, 266.2963332705424], "rotation": [-3.1286950026774365, -0.001054931224923437, 0.02619110926884386]}, "geometry": {"type": "Point", "coordinates": [-93.27517758042822, 38.786431543963275, 266.2963332705424]}}, {"type": "Feature", "properties": {"filename": "DJI_20260904122148_0650_D.JPG", "camera": "v2 hasselblad l3d-100c 6144 4096 brown 0.7777", "focal": 0.7856188734892825, "width": 6144, "height": 4096, "capture_time": 1788524508.0, "translation": [476162.13475666294, 4293174.430738153, 265.5008360270024], "rotation": [0.009301051933748776, -3.136050793346962, 0.018441825852405322]}, "geometry": {"type": "Point", "coordinates": [-93.27446895654442, 38.78698636737055, 265.5008360270024]}}, {"type": "Feature", "properties": {"filename": "DJI_20260904121930_0581_D.JPG", "camera": "v2 hasselblad l3d-100c 6144 4096 brown 0.7777", "focal": 0.7856188734892825, "width": 6144, "height": 4096, "capture_time": 1788524370.0, "translation": [476120.93936362327, 4293097.106399233, 266.506180877948], "rotation": [-0.0010211192653027449, -3.1240863159358674, -0.016707015819196383]}, "geometry": {"type": "Point", "coordinates": [-93.27494059860507, 38.786288437652374, 266.506180877948]}}, {"type": "Feature", "properties": {"filename": "DJI_20260904122800_0836_D.JPG", "camera": "v2 hasselblad l3d-100c 6144 4096 brown 0.7777", "focal": 0.7856188734892825, "width": 6144, "height": 4096, "capture_time": 1788524880.0, "translation": [476264.7042401542, 4292918.705364787, 265.865360832893], "rotation": [3.1183228153446447, 0.08673091452833624, -0.017891026833674124]}, "geometry": {"type": "Point", "coordinates": [-93.2732791878478, 38.78468464395029, 265.865360832893]}}, {"type": "Feature", "properties": {"filename": "DJI_20260904121928_0580_D.JPG", "camera": "v2 hasselblad l3d-100c 6144 4096 brown 0.7777", "focal": 0.7856188734892825, "width": 6144, "height": 4096, "capture_time": 1788524368.0, "translation": [476120.91605133587, 4293105.979648891, 266.4863387468729], "rotation": [-0.0002125029464834264, -3.1252871425304223, -0.014734959672675027]}, "geometry": {"type": "Point", "coordinates": [-93.27494117412023, 38.786368399054886, 266.4863387468729]}}, {"type": "Feature", "properties": {"filename": "DJI_20260904121856_0564_D.JPG", "camera": "v2 hasselblad l3d-100c 6144 4096 brown 0.7777", "focal": 0.7856188734892825, "width": 6144, "height": 4096, "capture_time": 1788524336.0, "translation": [476101.08914022107, 4293217.621955147, 265.87684046486993], "rotation": [-2.8470705946073824, 1.2910382055668654, 0.0032863240080854197]}, "geometry": {"type": "Point", "coordinates": [-93.27517332382276, 38.787373935648894, 265.87684046486993]}}, {"type": "Feature", "properties": {"filename": "DJI_20260904121902_0567_D.JPG", "camera": "v2 hasselblad l3d-100c 6144 4096 brown 0.7777", "focal": 0.7856188734892825, "width": 6144, "height": 4096, "capture_time": 1788524342.0, "translation": [476122.06778691727, 4293216.682499248, 265.83253490623144], "rotation": [-0.02554607353823722, 3.1410877115419518, -0.03577764268775989]}, "geometry": {"type": "Point", "coordinates": [-93.27493174464747, 38.78736603818886, 265.83253490623144]}}, {"type": "Feature", "properties": {"filename": "DJI_20260904122452_0742_D.JPG", "camera": "v2 hasselblad l3d-100c 6144 4096 brown 0.7777", "focal": 0.7856188734892825, "width": 6144, "height": 4096, "capture_time": 1788524692.0, "translation": [476203.2861959657, 4293031.605409006, 266.35809463071246], "rotation": [0.023981377683678, -3.1272773516512093, -0.016798913646529707]}, "geometry": {"type": "Point", "coordinates": [-93.27399021816396, 38.78570039670442, 266.35809463071246]}}, {"type": "Feature", "properties": {"filename": "DJI_20260904121900_0566_D.JPG", "camera": "v2 hasselblad l3d-100c 6144 4096 brown 0.7777", "focal": 0.7856188734892825, "width": 6144, "height": 4096, "capture_time": 1788524340.0, "translation": [476114.6994932821, 4293220.9111731155, 265.77421583213965], "rotation": [-1.1241245262615565, 2.9277861366056013, -0.033201567180188414]}, "geometry": {"type": "Point", "coordinates": [-93.2750167290524, 38.78740394560637, 265.77421583213965]}}, {"type": "Feature", "properties": {"filename": "DJI_20260904121814_0543_D.JPG", "camera": "v2 hasselblad l3d-100c 6144 4096 brown 0.7777", "focal": 0.7856188734892825, "width": 6144, "height": 4096, "capture_time": 1788524294.0, "translation": [476100.46601935284, 4293032.4210561095, 266.52687108482763], "rotation": [-3.1276205626160207, 0.0006470305925662381, 0.027182179070801383]}, "geometry": {"type": "Point", "coordinates": [-93.27517408303268, 38.785704965402815, 266.52687108482763]}}, {"type": "Feature", "properties": {"filename": "DJI_20260904122108_0630_D.JPG", "camera": "v2 hasselblad l3d-100c 6144 4096 brown 0.7777", "focal": 0.7856188734892825, "width": 6144, "height": 4096, "capture_time": 1788524468.0, "translation": [476141.63866928685, 4293116.747959449, 265.6626444218793], "rotation": [-3.1319813082577865, 0.0024324776467760565, 0.028019801029562752]}, "geometry": {"type": "Point", "coordinates": [-93.27470295107284, 38.7864659996923, 265.6626444218793]}}, {"type": "Feature", "properties": {"filename": "DJI_20260904122630_0791_D.JPG", "camera": "v2 hasselblad l3d-100c 6144 4096 brown 0.7777", "focal": 0.7856188734892825, "width": 6144, "height": 4096, "capture_time": 1788524790.0, "translation": [476223.8173419912, 4293191.472528713, 265.8754471737333], "rotation": [-3.1297259752839666, -0.019065132151150535, 0.031570668682359554]}, "geometry": {"type": "Point", "coordinates": [-93.27375933868099, 38.7871416067799, 265.8754471737333]}}, {"type": "Feature", "properties": {"filename": "DJI_20260904122110_0631_D.JPG", "camera": "v2 hasselblad l3d-100c 6144 4096 brown 0.7777", "focal": 0.7856188734892825, "width": 6144, "height": 4096, "capture_time": 1788524470.0, "translation": [476141.6745850121, 4293125.493381022, 265.6655007709918], "rotation": [-3.132598436550759, 0.0006043020786319579, 0.02970398540471249]}, "geometry": {"type": "Point", "coordinates": [-93.27470283996551, 38.786544810764035, 265.6655007709918]}}, {"type": "Feature", "properties": {"filename": "DJI_20260904122516_0754_D.JPG", "camera": "v2 hasselblad l3d-100c 6144 4096 brown 0.7777", "focal": 0.7856188734892825, "width": 6144, "height": 4096, "capture_time": 1788524716.0, "translation": [476203.2797099598, 4292922.327871555, 266.2494362679213], "rotation": [0.029148101588615305, -3.133804624266828, -0.02533542604320089]}, "geometry": {"type": "Point", "coordinates": [-93.27398652400075, 38.78471563256112, 266.2494362679213]}}, {"type": "Feature", "properties": {"filename": "DJI_20260904122128_0640_D.JPG", "camera": "v2 hasselblad l3d-100c 6144 4096 brown 0.7777", "focal": 0.7856188734892825, "width": 6144, "height": 4096, "capture_time": 1788524488.0, "translation": [476141.22417577024, 4293205.660340868, 265.30577485014504], "rotation": [-3.128813861015923, -0.007932091364919567, 0.027104975013639135]}, "geometry": {"type": "Point", "coordinates": [-93.27471079818427, 38.78726722980292, 265.30577485014504]}}, {"type": "Feature", "properties": {"filename": "DJI_20260904121828_0550_D.JPG", "camera": "v2 hasselblad l3d-100c 6144 4096 brown 0.7777", "focal": 0.7856188734892825, "width": 6144, "height": 4096, "capture_time": 1788524308.0, "translation": [476100.55418780143, 4293095.251163175, 266.333872427095], "rotation": [-3.1283087789278206, -0.002110213887367467, 0.027879364441510627]}, "geometry": {"type": "Point", "coordinates": [-93.27517524425856, 38.78627116659822, 266.333872427095]}}, {"type": "Feature", "properties": {"filename": "DJI_20260904122152_0652_D.JPG", "camera": "v2 hasselblad l3d-100c 6144 4096 brown 0.7777", "focal": 0.7856188734892825, "width": 6144, "height": 4096, "capture_time": 1788524512.0, "translation": [476161.88475132483, 4293156.699179436, 265.52843596662433], "rotation": [0.014844346544257642, -3.130756339560526, 0.007859189176219618]}, "geometry": {"type": "Point", "coordinates": [-93.27447122241885, 38.78682657118976, 265.52843596662433]}}, {"type": "Feature", "properties": {"filename": "DJI_20260904121824_0548_D.JPG", "camera": "v2 hasselblad l3d-100c 6144 4096 brown 0.7777", "focal": 0.7856188734892825, "width": 6144, "height": 4096, "capture_time": 1788524304.0, "translation": [476100.5701605426, 4293077.501125023, 266.37117950955576], "rotation": [-3.1272280582026477, -0.0025606574103870005, 0.028231871134459224]}, "geometry": {"type": "Point", "coordinates": [-93.27517444550432, 38.78611121107208, 266.37117950955576]}}, {"type": "Feature", "properties": {"filename": "DJI_20260904122258_0685_D.JPG", "camera": "v2 hasselblad l3d-100c 6144 4096 brown 0.7777", "focal": 0.7856188734892825, "width": 6144, "height": 4096, "capture_time": 1788524578.0, "translation": [476182.4525845159, 4292918.299668542, 265.7777553732123], "rotation": [3.1205555449292173, 0.08078790327372333, -0.016140018658043934]}, "geometry": {"type": "Point", "coordinates": [-93.27422617812353, 38.78467876961506, 265.7777553732123]}}, {"type": "Feature", "properties": {"filename": "DJI_20260904122242_0677_D.JPG", "camera": "v2 hasselblad l3d-100c 6144 4096 brown 0.7777", "focal": 0.7856188734892825, "width": 6144, "height": 4096, "capture_time": 1788524562.0, "translation": [476161.86758490483, 4292931.853464957, 265.93743908946306], "rotation": [0.0077040529535899495, -3.1325019398593907, -0.020678296502435377]}, "geometry": {"type": "Point", "coordinates": [-93.27446365170412, 38.784800354438964, 265.93743908946306]}}, {"type": "Feature", "properties": {"filename": "DJI_20260904122150_0651_D.JPG", "camera": "v2 hasselblad l3d-100c 6144 4096 brown 0.7777", "focal": 0.7856188734892825, "width": 6144, "height": 4096, "capture_time": 1788524510.0, "translation": [476162.18865677854, 4293165.54832398, 265.51746495191014], "rotation": [0.01233573098872742, -3.133907591498533, 0.012960224973973974]}, "geometry": {"type": "Point", "coordinates": [-93.27446802904718, 38.78690632421264, 265.51746495191014]}}, {"type": "Feature", "properties": {"filename": "DJI_20260904122010_0601_D.JPG", "camera": "v2 hasselblad l3d-100c 6144 4096 brown 0.7777", "focal": 0.7856188734892825, "width": 6144, "height": 4096, "capture_time": 1788524410.0, "translation": [476120.9742534062, 4292916.99219969, 266.2624650107194], "rotation": [-0.013941121720363112, -3.1281314029755976, -0.013142221781623099]}, "geometry": {"type": "Point", "coordinates": [-93.27493396341889, 38.78466532413383, 266.2624650107194]}}, {"type": "Feature", "properties": {"filename": "DJI_20260904122146_0649_D.JPG", "camera": "v2 hasselblad l3d-100c 6144 4096 brown 0.7777", "focal": 0.7856188734892825, "width": 6144, "height": 4096, "capture_time": 1788524506.0, "translation": [476162.18344246055, 4293183.304735704, 265.5125637663904], "rotation": [0.0030723928832680565, -3.1389233653158684, 0.02303452534038532]}, "geometry": {"type": "Point", "coordinates": [-93.2744687025915, 38.78706633745445, 265.5125637663904]}}, {"type": "Feature", "properties": {"filename": "DJI_20260904122718_0815_D.JPG", "camera": "v2 hasselblad l3d-100c 6144 4096 brown 0.7777", "focal": 0.7856188734892825, "width": 6144, "height": 4096, "capture_time": 1788524838.0, "translation": [476244.70350130874, 4293051.911264596, 266.51520999905733], "rotation": [0.02434859783846579, -3.126705641239084, -0.02443935362138043]}, "geometry": {"type": "Point", "coordinates": [-93.27351405244525, 38.785884501731196, 266.51520999905733]}}, {"type": "Feature", "properties": {"filename": "DJI_20260904121820_0546_D.JPG", "camera": "v2 hasselblad l3d-100c 6144 4096 brown 0.7777", "focal": 0.7856188734892825, "width": 6144, "height": 4096, "capture_time": 1788524300.0, "translation": [476100.5924729824, 4293059.749502996, 266.3977197546296], "rotation": [-3.1259959491710303, -0.0006433982712118696, 0.02981933106923543]}, "geometry": {"type": "Point", "coordinates": [-93.2751735737075, 38.7859512414402, 266.3977197546296]}}, {"type": "Feature", "properties": {"filename": "DJI_20260904121938_0585_D.JPG", "camera": "v2 hasselblad l3d-100c 6144 4096 brown 0.7777", "focal": 0.7856188734892825, "width": 6144, "height": 4096, "capture_time": 1788524378.0, "translation": [476120.91648378695, 4293061.072655403, 266.4707723832624], "rotation": [-0.005418855679315041, -3.1251437505132915, -0.022803075107337416]}, "geometry": {"type": "Point", "coordinates": [-93.27493961492256, 38.78596371591451, 266.4707723832624]}}, {"type": "Feature", "properties": {"filename": "DJI_20260904122436_0734_D.JPG", "camera": "v2 hasselblad l3d-100c 6144 4096 brown 0.7777", "focal": 0.7856188734892825, "width": 6144, "height": 4096, "capture_time": 1788524676.0, "translation": [476203.15917435667, 4293102.686389984, 266.4559338653958], "rotation": [0.021022982030127375, -3.1271799686554345, -0.017430503955892428]}, "geometry": {"type": "Point", "coordinates": [-93.27399413225017, 38.786340945586076, 266.4559338653958]}}, {"type": "Feature", "properties": {"filename": "DJI_20260904121818_0545_D.JPG", "camera": "v2 hasselblad l3d-100c 6144 4096 brown 0.7777", "focal": 0.7856188734892825, "width": 6144, "height": 4096, "capture_time": 1788524298.0, "translation": [476100.6749574509, 4293050.767002054, 266.4013398563936], "rotation": [-3.1261485678165655, -0.0003930278722910524, 0.02817146218165272]}, "geometry": {"type": "Point", "coordinates": [-93.2751723128646, 38.785870297111096, 266.4013398563936]}}, {"type": "Feature", "properties": {"filename": "DJI_20260904122906_0869_D.JPG", "camera": "v2 hasselblad l3d-100c 6144 4096 brown 0.7777", "focal": 0.7856188734892825, "width": 6144, "height": 4096, "capture_time": 1788524946.0, "translation": [476264.54789701354, 4293209.752709283, 266.03920723245835], "rotation": [-3.070052411485576, 0.5967677341768473, 0.0269392037981616]}, "geometry": {"type": "Point", "coordinates": [-93.27329100029881, 38.78730743782604, 266.03920723245835]}}, {"type": "Feature", "properties": {"filename": "DJI_20260904121940_0586_D.JPG", "camera": "v2 hasselblad l3d-100c 6144 4096 brown 0.7777", "focal": 0.7856188734892825, "width": 6144, "height": 4096, "capture_time": 1788524380.0, "translation": [476120.8135637308, 4293052.027353425, 266.4966288567695], "rotation": [-0.006587384077079731, -3.1257324673912406, -0.023708420557358566]}, "geometry": {"type": "Point", "coordinates": [-93.27494048686056, 38.78588220062298, 266.4966288567695]}}, {"type": "Feature", "properties": {"filename": "DJI_20260904122056_0624_D.JPG", "camera": "v2 hasselblad l3d-100c 6144 4096 brown 0.7777", "focal": 0.7856188734892825, "width": 6144, "height": 4096, "capture_time": 1788524456.0, "translation": [476141.6535480945, 4293063.67439901, 265.7619444067079], "rotation": [-3.130176804523085, 0.009220080330784057, 0.02695054181041551]}, "geometry": {"type": "Point", "coordinates": [-93.27470094448995, 38.78598772323277, 265.7619444067079]}}, {"type": "Feature", "properties": {"filename": "DJI_20260904121816_0544_D.JPG", "camera": "v2 hasselblad l3d-100c 6144 4096 brown 0.7777", "focal": 0.7856188734892825, "width": 6144, "height": 4096, "capture_time": 1788524296.0, "translation": [476100.63932218315, 4293041.637387138, 266.4799670663152], "rotation": [-3.1272665656487804, -7.166697172392982e-05, 0.0267999669512504]}, "geometry": {"type": "Point", "coordinates": [-93.27517240692151, 38.78578802384848, 266.4799670663152]}}, {"type": "Feature", "properties": {"filename": "DJI_20260904122134_0643_D.JPG", "camera": "v2 hasselblad l3d-100c 6144 4096 brown 0.7777", "focal": 0.7856188734892825, "width": 6144, "height": 4096, "capture_time": 1788524494.0, "translation": [476147.9753192973, 4293220.314912884, 265.07053139393093], "rotation": [-1.7608758220157472, 2.590614869535251, -0.019595608912346216]}, "geometry": {"type": "Point", "coordinates": [-93.27463357275207, 38.78739947339251, 265.07053139393093]}}, {"type": "Feature", "properties": {"filename": "DJI_20260904122144_0648_D.JPG", "camera": "v2 hasselblad l3d-100c 6144 4096 brown 0.7777", "focal": 0.7856188734892825, "width": 6144, "height": 4096, "capture_time": 1788524504.0, "translation": [476162.1585872606, 4293192.140338744, 265.3983262156842], "rotation": [-0.008652812336901173, -3.141303114294325, 0.026282351194287637]}, "geometry": {"type": "Point", "coordinates": [-93.27446929405517, 38.78714595955317, 265.3983262156842]}}, {"type": "Feature", "properties": {"filename": "DJI_20260904122156_0654_D.JPG", "camera": "v2 hasselblad l3d-100c 6144 4096 brown 0.7777", "focal": 0.7856188734892825, "width": 6144, "height": 4096, "capture_time": 1788524516.0, "translation": [476161.9036210066, 4293138.86226535, 265.6281001831798], "rotation": [0.01664422757411171, -3.125498313833457, -0.002479019208437433]}, "geometry": {"type": "Point", "coordinates": [-93.27447038886756, 38.786665832856905, 265.6281001831798]}}, {"type": "Feature", "properties": {"filename": "DJI_20260904123012_0902_D.JPG", "camera": "v2 hasselblad l3d-100c 6144 4096 brown 0.7777", "focal": 0.7856188734892825, "width": 6144, "height": 4096, "capture_time": 1788525012.0, "translation": [476284.7575418743, 4292951.093968127, 266.0117139926067], "rotation": [0.019101822435899748, -3.134856514620608, -0.021152483622554556]}, "geometry": {"type": "Point", "coordinates": [-93.27304941737667, 38.78497705637285, 266.0117139926067]}}, {"type": "Feature", "properties": {"filename": "DJI_20260904122142_0647_D.JPG", "camera": "v2 hasselblad l3d-100c 6144 4096 brown 0.7777", "focal": 0.7856188734892825, "width": 6144, "height": 4096, "capture_time": 1788524502.0, "translation": [476162.17892679246, 4293201.144504063, 265.35734707770894], "rotation": [0.02996801759210206, 3.1407362549338225, -0.0278253359847014]}, "geometry": {"type": "Point", "coordinates": [-93.27446937097689, 38.78722710188596, 265.35734707770894]}}, {"type": "Feature", "properties": {"filename": "DJI_20260904122158_0655_D.JPG", "camera": "v2 hasselblad l3d-100c 6144 4096 brown 0.7777", "focal": 0.7856188734892825, "width": 6144, "height": 4096, "capture_time": 1788524518.0, "translation": [476161.9996998087, 4293129.885715885, 265.73517853960055], "rotation": [0.016819396479928566, -3.1238041908257994, -0.006917635460031953]}, "geometry": {"type": "Point", "coordinates": [-93.27446897248544, 38.786584942527135, 265.73517853960055]}}, {"type": "Feature", "properties": {"filename": "DJI_20260904122140_0646_D.JPG", "camera": "v2 hasselblad l3d-100c 6144 4096 brown 0.7777", "focal": 0.7856188734892825, "width": 6144, "height": 4096, "capture_time": 1788524500.0, "translation": [476162.4189538273, 4293208.705664541, 265.2901306658004], "rotation": [0.06716936115754589, 3.1396740620326433, -0.02857745588561532]}, "geometry": {"type": "Point", "coordinates": [-93.27446686857711, 38.787295246400916, 265.2901306658004]}}, {"type": "Feature", "properties": {"filename": "DJI_20260904122138_0645_D.JPG", "camera": "v2 hasselblad l3d-100c 6144 4096 brown 0.7777", "focal": 0.7856188734892825, "width": 6144, "height": 4096, "capture_time": 1788524498.0, "translation": [476163.26626916067, 4293215.015369229, 265.22900091583705], "rotation": [0.10987063704963228, 3.1368879953193773, -0.033611235613644846]}, "geometry": {"type": "Point", "coordinates": [-93.27445733066067, 38.78735212973991, 265.22900091583705]}}, {"type": "Feature", "properties": {"filename": "DJI_20260904122652_0802_D.JPG", "camera": "v2 hasselblad l3d-100c 6144 4096 brown 0.7777", "focal": 0.7856188734892825, "width": 6144, "height": 4096, "capture_time": 1788524812.0, "translation": [476244.3688534446, 4293168.645634619, 266.179331715925], "rotation": [0.015302241998491447, -3.13691013330843, 0.013972369374789299]}, "geometry": {"type": "Point", "coordinates": [-93.27352192478332, 38.78693645439637, 266.179331715925]}}, {"type": "Feature", "properties": {"filename": "DJI_20260904122136_0644_D.JPG", "camera": "v2 hasselblad l3d-100c 6144 4096 brown 0.7777", "focal": 0.7856188734892825, "width": 6144, "height": 4096, "capture_time": 1788524496.0, "translation": [476158.62605315767, 4293219.244715152, 265.1691400540038], "rotation": [-0.7766235515827482, 3.036857946854283, -0.027005567897326374]}, "geometry": {"type": "Point", "coordinates": [-93.27451090392101, 38.7873901173497, 265.1691400540038]}}, {"type": "Feature", "properties": {"filename": "DJI_20260904123010_0901_D.JPG", "camera": "v2 hasselblad l3d-100c 6144 4096 brown 0.7777", "focal": 0.7856188734892825, "width": 6144, "height": 4096, "capture_time": 1788525010.0, "translation": [476284.86771626974, 4292959.9985254435, 266.05331379379896], "rotation": [0.019044111330835015, -3.134691210593416, -0.021401584304638625]}, "geometry": {"type": "Point", "coordinates": [-93.27304845492955, 38.785057303533065, 266.05331379379896]}}, {"type": "Feature", "properties": {"filename": "DJI_20260904121946_0589_D.JPG", "camera": "v2 hasselblad l3d-100c 6144 4096 brown 0.7777", "focal": 0.7856188734892825, "width": 6144, "height": 4096, "capture_time": 1788524386.0, "translation": [476120.8370708464, 4293024.758403114, 266.51251958123726], "rotation": [-0.011076009481993247, -3.1267690143082882, -0.023747699408276663]}, "geometry": {"type": "Point", "coordinates": [-93.27493927245209, 38.785636464801335, 266.51251958123726]}}, {"type": "Feature", "properties": {"filename": "DJI_20260904121812_0542_D.JPG", "camera": "v2 hasselblad l3d-100c 6144 4096 brown 0.7777", "focal": 0.7856188734892825, "width": 6144, "height": 4096, "capture_time": 1788524292.0, "translation": [476100.46193529014, 4293023.332145558, 266.46820546096774], "rotation": [-3.1286208351696896, 0.0012134677658320273, 0.028642923291174266]}, "geometry": {"type": "Point", "coordinates": [-93.27517381522894, 38.78562305980409, 266.46820546096774]}}, {"type": "Feature", "properties": {"filename": "DJI_20260904122816_0844_D.JPG", "camera": "v2 hasselblad l3d-100c 6144 4096 brown 0.7777", "focal": 0.7856188734892825, "width": 6144, "height": 4096, "capture_time": 1788524896.0, "translation": [476264.6193618889, 4292989.347381538, 266.0069102443665], "rotation": [-3.1379343152782706, -0.027545179319402386, 0.029759120437435678]}, "geometry": {"type": "Point", "coordinates": [-93.27328259514061, 38.78532123836112, 266.0069102443665]}}, {"type": "Feature", "properties": {"filename": "DJI_20260904122356_0714_D.JPG", "camera": "v2 hasselblad l3d-100c 6144 4096 brown 0.7777", "focal": 0.7856188734892825, "width": 6144, "height": 4096, "capture_time": 1788524636.0, "translation": [476182.4440754062, 4293177.757501401, 265.6309589998556], "rotation": [-3.1306777312863163, -0.006188872564771339, 0.02500409181370033]}, "geometry": {"type": "Point", "coordinates": [-93.27423523257748, 38.78701689575402, 265.6309589998556]}}, {"type": "Feature", "properties": {"filename": "DJI_20260904122358_0715_D.JPG", "camera": "v2 hasselblad l3d-100c 6144 4096 brown 0.7777", "focal": 0.7856188734892825, "width": 6144, "height": 4096, "capture_time": 1788524638.0, "translation": [476182.42804671876, 4293186.627071107, 265.5781035876656], "rotation": [-3.130517303692614, -0.006249866416494252, 0.02391100360573959]}, "geometry": {"type": "Point", "coordinates": [-93.27423572332589, 38.787096824187486, 265.5781035876656]}}, {"type": "Feature", "properties": {"filename": "DJI_20260904122752_0832_D.JPG", "camera": "v2 hasselblad l3d-100c 6144 4096 brown 0.7777", "focal": 0.7856188734892825, "width": 6144, "height": 4096, "capture_time": 1788524872.0, "translation": [476246.9586113031, 4292905.573647308, 265.9706362489783], "rotation": [2.06305265732203, -2.3353573340252263, -0.036525128380586844]}, "geometry": {"type": "Point", "coordinates": [-93.27348305006882, 38.784565828367825, 265.9706362489783]}}, {"type": "Feature", "properties": {"filename": "DJI_20260904122354_0713_D.JPG", "camera": "v2 hasselblad l3d-100c 6144 4096 brown 0.7777", "focal": 0.7856188734892825, "width": 6144, "height": 4096, "capture_time": 1788524634.0, "translation": [476182.4681906445, 4293168.864246671, 265.67888915678674], "rotation": [-3.1311113143996634, -0.0064413782015385, 0.026229917275309354]}, "geometry": {"type": "Point", "coordinates": [-93.27423464790564, 38.78693675409838, 265.67888915678674]}}, {"type": "Feature", "properties": {"filename": "DJI_20260904122734_0823_D.JPG", "camera": "v2 hasselblad l3d-100c 6144 4096 brown 0.7777", "focal": 0.7856188734892825, "width": 6144, "height": 4096, "capture_time": 1788524854.0, "translation": [476244.36351870187, 4292980.155804764, 266.4676180789032], "rotation": [0.023120897763671277, -3.1303659253370766, -0.02691809051172865]}, "geometry": {"type": "Point", "coordinates": [-93.27351549637628, 38.78523786205851, 266.4676180789032]}}, {"type": "Feature", "properties": {"filename": "DJI_20260904122352_0712_D.JPG", "camera": "v2 hasselblad l3d-100c 6144 4096 brown 0.7777", "focal": 0.7856188734892825, "width": 6144, "height": 4096, "capture_time": 1788524632.0, "translation": [476182.4018563715, 4293159.990032367, 265.7326591625706], "rotation": [-3.131445201020332, -0.00705264595046919, 0.02669409616032981]}, "geometry": {"type": "Point", "coordinates": [-93.2742351053148, 38.78685678158213, 265.7326591625706]}}, {"type": "Feature", "properties": {"filename": "DJI_20260904122538_0765_D.JPG", "camera": "v2 hasselblad l3d-100c 6144 4096 brown 0.7777", "focal": 0.7856188734892825, "width": 6144, "height": 4096, "capture_time": 1788524738.0, "translation": [476223.3902650195, 4292958.678855986, 265.9415559048004], "rotation": [3.1329229256828834, 0.025095989868879957, -0.01952050764756157]}, "geometry": {"type": "Point", "coordinates": [-93.27375623367973, 38.78504375524817, 265.9415559048004]}}, {"type": "Feature", "properties": {"filename": "DJI_20260904122340_0706_D.JPG", "camera": "v2 hasselblad l3d-100c 6144 4096 brown 0.7777", "focal": 0.7856188734892825, "width": 6144, "height": 4096, "capture_time": 1788524620.0, "translation": [476182.3654224773, 4293106.920394574, 265.88447457444227], "rotation": [-3.1295043705052965, -0.007980659443403823, 0.030980430008001773]}, "geometry": {"type": "Point", "coordinates": [-93.27423369276912, 38.78637853909808, 265.88447457444227]}}, {"type": "Feature", "properties": {"filename": "DJI_20260904122248_0680_D.JPG", "camera": "v2 hasselblad l3d-100c 6144 4096 brown 0.7777", "focal": 0.7856188734892825, "width": 6144, "height": 4096, "capture_time": 1788524568.0, "translation": [476160.98775928334, 4292906.507066819, 265.841670311763], "rotation": [0.5692771080786804, -3.077589474416928, -0.020294618662830024]}, "geometry": {"type": "Point", "coordinates": [-93.27447290589531, 38.78457191938006, 265.841670311763]}}, {"type": "Feature", "properties": {"filename": "DJI_20260904122400_0716_D.JPG", "camera": "v2 hasselblad l3d-100c 6144 4096 brown 0.7777", "focal": 0.7856188734892825, "width": 6144, "height": 4096, "capture_time": 1788524640.0, "translation": [476182.45262759854, 4293195.491537558, 265.4844561999938], "rotation": [-3.1308896246125943, -0.005961565927300407, 0.02271140778197613]}, "geometry": {"type": "Point", "coordinates": [-93.2742357463253, 38.7871767077287, 265.4844561999938]}}, {"type": "Feature", "properties": {"filename": "DJI_20260904122350_0711_D.JPG", "camera": "v2 hasselblad l3d-100c 6144 4096 brown 0.7777", "focal": 0.7856188734892825, "width": 6144, "height": 4096, "capture_time": 1788524630.0, "translation": [476182.2970237565, 4293151.1504014, 265.7296211228539], "rotation": [-3.131657841819608, -0.007625587787280353, 0.028192387127982558]}, "geometry": {"type": "Point", "coordinates": [-93.27423600718087, 38.78677711967523, 265.7296211228539]}}, {"type": "Feature", "properties": {"filename": "DJI_20260904122348_0710_D.JPG", "camera": "v2 hasselblad l3d-100c 6144 4096 brown 0.7777", "focal": 0.7856188734892825, "width": 6144, "height": 4096, "capture_time": 1788524628.0, "translation": [476182.3229843926, 4293142.293635906, 265.79870851060815], "rotation": [-3.1313813999281743, -0.007691852558254901, 0.029613034480911616]}, "geometry": {"type": "Point", "coordinates": [-93.2742354025238, 38.78669730689196, 265.79870851060815]}}, {"type": "Feature", "properties": {"filename": "DJI_20260904122608_0780_D.JPG", "camera": "v2 hasselblad l3d-100c 6144 4096 brown 0.7777", "focal": 0.7856188734892825, "width": 6144, "height": 4096, "capture_time": 1788524768.0, "translation": [476223.88190472574, 4293093.561726759, 266.06470913365285], "rotation": [-3.1295360944917823, -0.015136132353548767, 0.03524746469840978]}, "geometry": {"type": "Point", "coordinates": [-93.2737552211691, 38.786259277080774, 266.06470913365285]}}, {"type": "Feature", "properties": {"filename": "DJI_20260904122346_0709_D.JPG", "camera": "v2 hasselblad l3d-100c 6144 4096 brown 0.7777", "focal": 0.7856188734892825, "width": 6144, "height": 4096, "capture_time": 1788524626.0, "translation": [476182.3475656799, 4293133.437860589, 265.8082042808702], "rotation": [-3.1311149961421254, -0.007869789655814061, 0.030534733843748184]}, "geometry": {"type": "Point", "coordinates": [-93.27423481378436, 38.78661750299338, 265.8082042808702]}}, {"type": "Feature", "properties": {"filename": "DJI_20260904122558_0775_D.JPG", "camera": "v2 hasselblad l3d-100c 6144 4096 brown 0.7777", "focal": 0.7856188734892825, "width": 6144, "height": 4096, "capture_time": 1788524758.0, "translation": [476223.80612772796, 4293048.984518921, 266.0289055800225], "rotation": [-3.130693451660175, -0.015680026255238445, 0.030006291116528094]}, "geometry": {"type": "Point", "coordinates": [-93.27375455749764, 38.785857563728676, 266.0289055800225]}}, {"type": "Feature", "properties": {"filename": "DJI_20260904122402_0717_D.JPG", "camera": "v2 hasselblad l3d-100c 6144 4096 brown 0.7777", "focal": 0.7856188734892825, "width": 6144, "height": 4096, "capture_time": 1788524642.0, "translation": [476182.54013739363, 4293204.381841995, 265.47195256084524], "rotation": [-3.1298967388130494, -0.005821128925754743, 0.021649093351599036]}, "geometry": {"type": "Point", "coordinates": [-93.27423504565932, 38.78725682581029, 265.47195256084524]}}, {"type": "Feature", "properties": {"filename": "DJI_20260904122100_0626_D.JPG", "camera": "v2 hasselblad l3d-100c 6144 4096 brown 0.7777", "focal": 0.7856188734892825, "width": 6144, "height": 4096, "capture_time": 1788524460.0, "translation": [476141.5953205041, 4293081.354790781, 265.760050018903], "rotation": [-3.1315621265952363, 0.0068752639024836455, 0.026064656165864158]}, "geometry": {"type": "Point", "coordinates": [-93.27470222628588, 38.786147050001524, 265.760050018903]}}, {"type": "Feature", "properties": {"filename": "DJI_20260904122446_0739_D.JPG", "camera": "v2 hasselblad l3d-100c 6144 4096 brown 0.7777", "focal": 0.7856188734892825, "width": 6144, "height": 4096, "capture_time": 1788524686.0, "translation": [476203.2746953064, 4293058.111089151, 266.46905940172326], "rotation": [0.0216095008740979, -3.1264104765838794, -0.021596172508436873]}, "geometry": {"type": "Point", "coordinates": [-93.27399126475323, 38.78593925459505, 266.46905940172326]}}, {"type": "Feature", "properties": {"filename": "DJI_20260904122404_0718_D.JPG", "camera": "v2 hasselblad l3d-100c 6144 4096 brown 0.7777", "focal": 0.7856188734892825, "width": 6144, "height": 4096, "capture_time": 1788524644.0, "translation": [476181.98328397074, 4293211.306691789, 265.377298752441], "rotation": [-2.994567185269595, 0.9070427527684924, 0.008719212677015708]}, "geometry": {"type": "Point", "coordinates": [-93.27424169628787, 38.78731921462269, 265.377298752441]}}, {"type": "Feature", "properties": {"filename": "DJI_20260904122000_0596_D.JPG", "camera": "v2 hasselblad l3d-100c 6144 4096 brown 0.7777", "focal": 0.7856188734892825, "width": 6144, "height": 4096, "capture_time": 1788524400.0, "translation": [476120.81343717105, 4292961.797528478, 266.45198343685416], "rotation": [-0.013375088677435658, -3.1275803259320774, -0.016592439400222998]}, "geometry": {"type": "Point", "coordinates": [-93.27493736558225, 38.78506908686003, 266.45198343685416]}}, {"type": "Feature", "properties": {"filename": "DJI_20260904123020_0906_D.JPG", "camera": "v2 hasselblad l3d-100c 6144 4096 brown 0.7777", "focal": 0.7856188734892825, "width": 6144, "height": 4096, "capture_time": 1788525020.0, "translation": [476284.7802741653, 4292915.05724037, 265.73651157070464], "rotation": [0.018451702298627654, -3.1359582880892023, -0.02676229541963364]}, "geometry": {"type": "Point", "coordinates": [-93.27304791706806, 38.78465230885191, 265.73651157070464]}}, {"type": "Feature", "properties": {"filename": "DJI_20260904122406_0719_D.JPG", "camera": "v2 hasselblad l3d-100c 6144 4096 brown 0.7777", "focal": 0.7856188734892825, "width": 6144, "height": 4096, "capture_time": 1788524646.0, "translation": [476185.06015216105, 4293214.399247447, 265.32684524460547], "rotation": [-2.277427025146156, 2.1519218300144254, -0.010560115062938595]}, "geometry": {"type": "Point", "coordinates": [-93.27420637622014, 38.78734716657674, 265.32684524460547]}}, {"type": "Feature", "properties": {"filename": "DJI_20260904122408_0720_D.JPG", "camera": "v2 hasselblad l3d-100c 6144 4096 brown 0.7777", "focal": 0.7856188734892825, "width": 6144, "height": 4096, "capture_time": 1788524648.0, "translation": [476193.362200827, 4293215.976282564, 265.37354817502643], "rotation": [-1.4321123989306155, 2.7924188714326856, -0.022338092936955857]}, "geometry": {"type": "Point", "coordinates": [-93.27411084146365, 38.78736160241479, 265.37354817502643]}}, {"type": "Feature", "properties": {"filename": "DJI_20260904122410_0721_D.JPG", "camera": "v2 hasselblad l3d-100c 6144 4096 brown 0.7777", "focal": 0.7856188734892825, "width": 6144, "height": 4096, "capture_time": 1788524650.0, "translation": [476202.8668337999, 4293212.722479507, 265.4424893930482], "rotation": [-0.31131525820043277, 3.125163884754433, -0.02625380520278134]}, "geometry": {"type": "Point", "coordinates": [-93.2740012935656, 38.78733253714192, 265.4424893930482]}}, {"type": "Feature", "properties": {"filename": "DJI_20260904122524_0758_D.JPG", "camera": "v2 hasselblad l3d-100c 6144 4096 brown 0.7777", "focal": 0.7856188734892825, "width": 6144, "height": 4096, "capture_time": 1788524724.0, "translation": [476218.8635674642, 4292905.134130344, 265.8047058022868], "rotation": [2.9866946905359475, -0.8982710197670588, -0.0232972077513912]}, "geometry": {"type": "Point", "coordinates": [-93.27380650662361, 38.78456111018547, 265.8047058022868]}}, {"type": "Feature", "properties": {"filename": "DJI_20260904122412_0722_D.JPG", "camera": "v2 hasselblad l3d-100c 6144 4096 brown 0.7777", "focal": 0.7856188734892825, "width": 6144, "height": 4096, "capture_time": 1788524652.0, "translation": [476204.2681598984, 4293208.040950001, 265.5217881062665], "rotation": [-0.10620956205551846, -3.138455203787061, 0.029644841822927752]}, "geometry": {"type": "Point", "coordinates": [-93.2739849973335, 38.78729038697943, 265.5217881062665]}}, {"type": "Feature", "properties": {"filename": "DJI_20260904122414_0723_D.JPG", "camera": "v2 hasselblad l3d-100c 6144 4096 brown 0.7777", "focal": 0.7856188734892825, "width": 6144, "height": 4096, "capture_time": 1788524654.0, "translation": [476203.3263872052, 4293200.856939792, 265.62587388772573], "rotation": [-0.049251957619174204, -3.138619547799347, 0.02660986819417909]}, "geometry": {"type": "Point", "coordinates": [-93.27399559303427, 38.78722562225011, 265.62587388772573]}}, {"type": "Feature", "properties": {"filename": "DJI_20260904122002_0597_D.JPG", "camera": "v2 hasselblad l3d-100c 6144 4096 brown 0.7777", "focal": 0.7856188734892825, "width": 6144, "height": 4096, "capture_time": 1788524402.0, "translation": [476120.7960830679, 4292952.989589362, 266.30151666070503], "rotation": [-0.013175504289127301, -3.127806240730472, -0.01346511393969533]}, "geometry": {"type": "Point", "coordinates": [-93.2749372605651, 38.784989712889654, 266.30151666070503]}}, {"type": "Feature", "properties": {"filename": "DJI_20260904122416_0724_D.JPG", "camera": "v2 hasselblad l3d-100c 6144 4096 brown 0.7777", "focal": 0.7856188734892825, "width": 6144, "height": 4096, "capture_time": 1788524656.0, "translation": [476203.3487537595, 4293192.418955996, 265.7231203750527], "rotation": [-0.020801085914108966, -3.1386550735895122, 0.025558741757377802]}, "geometry": {"type": "Point", "coordinates": [-93.27399504446495, 38.78714958325994, 265.7231203750527]}}, {"type": "Feature", "properties": {"filename": "DJI_20260904122418_0725_D.JPG", "camera": "v2 hasselblad l3d-100c 6144 4096 brown 0.7777", "focal": 0.7856188734892825, "width": 6144, "height": 4096, "capture_time": 1788524658.0, "translation": [476203.3385565248, 4293183.339084127, 265.99529998886266], "rotation": [-0.0036861551224644834, -3.138560223732464, 0.02318489195291488]}, "geometry": {"type": "Point", "coordinates": [-93.27399484869302, 38.787067758961705, 265.99529998886266]}}, {"type": "Feature", "properties": {"filename": "DJI_20260904122634_0793_D.JPG", "camera": "v2 hasselblad l3d-100c 6144 4096 brown 0.7777", "focal": 0.7856188734892825, "width": 6144, "height": 4096, "capture_time": 1788524794.0, "translation": [476223.4318394648, 4293208.304943645, 265.7730929474498], "rotation": [-3.11833026030997, 0.20950338514005581, 0.028724007231613644]}, "geometry": {"type": "Point", "coordinates": [-93.27376435741046, 38.787293283093504, 265.7730929474498]}}, {"type": "Feature", "properties": {"filename": "DJI_20260904122314_0693_D.JPG", "camera": "v2 hasselblad l3d-100c 6144 4096 brown 0.7777", "focal": 0.7856188734892825, "width": 6144, "height": 4096, "capture_time": 1788524594.0, "translation": [476182.47296336934, 4292990.039516694, 265.8401738830467], "rotation": [-3.1346507126610974, -0.006809366653755824, 0.027619580864235393]}, "geometry": {"type": "Point", "coordinates": [-93.27422841984418, 38.78532526001414, 265.8401738830467]}}, {"type": "Feature", "properties": {"filename": "DJI_20260904122632_0792_D.JPG", "camera": "v2 hasselblad l3d-100c 6144 4096 brown 0.7777", "focal": 0.7856188734892825, "width": 6144, "height": 4096, "capture_time": 1788524792.0, "translation": [476223.86040135653, 4293200.514400105, 265.8228596236797], "rotation": [-3.1278311977233964, -0.019176268897276572, 0.03158933916771038]}, "geometry": {"type": "Point", "coordinates": [-93.27375915450334, 38.78722308952037, 265.8228596236797]}}, {"type": "Feature", "properties": {"filename": "DJI_20260904122636_0794_D.JPG", "camera": "v2 hasselblad l3d-100c 6144 4096 brown 0.7777", "focal": 0.7856188734892825, "width": 6144, "height": 4096, "capture_time": 1788524796.0, "translation": [476224.92767890723, 4293213.587466866, 265.6498017305126], "rotation": [-2.699712756560885, 1.5725622644505988, 0.0074930421994984335]}, "geometry": {"type": "Point", "coordinates": [-93.27374731647879, 38.787340927337816, 265.6498017305126]}}, {"type": "Feature", "properties": {"filename": "DJI_20260904122638_0795_D.JPG", "camera": "v2 hasselblad l3d-100c 6144 4096 brown 0.7777", "focal": 0.7856188734892825, "width": 6144, "height": 4096, "capture_time": 1788524798.0, "translation": [476230.38509324205, 4293215.7828522315, 265.60036898380633], "rotation": [-1.7641543533781847, 2.586105279089612, -0.017101304661624156]}, "geometry": {"type": "Point", "coordinates": [-93.27368455585442, 38.787360858413734, 265.60036898380633]}}, {"type": "Feature", "properties": {"filename": "DJI_20260904122758_0835_D.JPG", "camera": "v2 hasselblad l3d-100c 6144 4096 brown 0.7777", "focal": 0.7856188734892825, "width": 6144, "height": 4096, "capture_time": 1788524878.0, "translation": [476265.572308209, 4292911.7057985375, 265.7598401413595], "rotation": [3.1147780058226617, 0.14226209102356052, -0.016380632288810645]}, "geometry": {"type": "Point", "coordinates": [-93.27326895257994, 38.784621590115925, 265.7598401413595]}}, {"type": "Feature", "properties": {"filename": "DJI_20260904122640_0796_D.JPG", "camera": "v2 hasselblad l3d-100c 6144 4096 brown 0.7777", "focal": 0.7856188734892825, "width": 6144, "height": 4096, "capture_time": 1788524800.0, "translation": [476241.0259426759, 4293214.481070004, 265.65143811275635], "rotation": [-0.7360365269741641, 3.0471290326531943, -0.026997528743159842]}, "geometry": {"type": "Point", "coordinates": [-93.27356199304103, 38.787349414164574, 265.65143811275635]}}, {"type": "Feature", "properties": {"filename": "DJI_20260904122914_0873_D.JPG", "camera": "v2 hasselblad l3d-100c 6144 4096 brown 0.7777", "focal": 0.7856188734892825, "width": 6144, "height": 4096, "capture_time": 1788524954.0, "translation": [476278.00562987296, 4293202.17717252, 269.4990358472407], "rotation": [-0.0626466783887153, -2.9940105441013745, -0.16143897459702108]}, "geometry": {"type": "Point", "coordinates": [-93.27313578855401, 38.78723953250887, 269.4990358472407]}}, {"type": "Feature", "properties": {"filename": "DJI_20260904122642_0797_D.JPG", "camera": "v2 hasselblad l3d-100c 6144 4096 brown 0.7777", "focal": 0.7856188734892825, "width": 6144, "height": 4096, "capture_time": 1788524802.0, "translation": [476245.3373292489, 4293209.831419177, 265.7449318930264], "rotation": [0.10720755587649852, 3.1359847650181734, -0.0318380306574944]}, "geometry": {"type": "Point", "coordinates": [-93.27351219195663, 38.787307629643465, 265.7449318930264]}}, {"type": "Feature", "properties": {"filename": "DJI_20260904122030_0611_D.JPG", "camera": "v2 hasselblad l3d-100c 6144 4096 brown 0.7777", "focal": 0.7856188734892825, "width": 6144, "height": 4096, "capture_time": 1788524430.0, "translation": [476141.8987267407, 4292947.158689709, 265.94202901951667], "rotation": [3.1357964370982994, -0.0007865406868801431, -0.015243424711372019]}, "geometry": {"type": "Point", "coordinates": [-93.27469409268274, 38.78493773859748, 265.94202901951667]}}, {"type": "Feature", "properties": {"filename": "DJI_20260904122644_0798_D.JPG", "camera": "v2 hasselblad l3d-100c 6144 4096 brown 0.7777", "focal": 0.7856188734892825, "width": 6144, "height": 4096, "capture_time": 1788524804.0, "translation": [476244.26605499885, 4293203.26298089, 265.85852410102507], "rotation": [0.054430111230219874, 3.1395410299421562, -0.02642856803885892]}, "geometry": {"type": "Point", "coordinates": [-93.273524300353, 38.78724840874349, 265.85852410102507]}}, {"type": "Feature", "properties": {"filename": "DJI_20260904122334_0703_D.JPG", "camera": "v2 hasselblad l3d-100c 6144 4096 brown 0.7777", "focal": 0.7856188734892825, "width": 6144, "height": 4096, "capture_time": 1788524614.0, "translation": [476182.30747045984, 4293080.179494312, 265.92889207608874], "rotation": [-3.128874407217545, -0.006975409312055177, 0.03341200998988808]}, "geometry": {"type": "Point", "coordinates": [-93.27423343689536, 38.78613755964804, 265.92889207608874]}}, {"type": "Feature", "properties": {"filename": "DJI_20260904122646_0799_D.JPG", "camera": "v2 hasselblad l3d-100c 6144 4096 brown 0.7777", "focal": 0.7856188734892825, "width": 6144, "height": 4096, "capture_time": 1788524806.0, "translation": [476244.14230484364, 4293195.566556827, 265.85679021348193], "rotation": [0.020329305618300934, 3.140636472389507, -0.025247150006171153]}, "geometry": {"type": "Point", "coordinates": [-93.27352546019095, 38.78717904843939, 265.85679021348193]}}, {"type": "Feature", "properties": {"filename": "DJI_20260904122628_0790_D.JPG", "camera": "v2 hasselblad l3d-100c 6144 4096 brown 0.7777", "focal": 0.7856188734892825, "width": 6144, "height": 4096, "capture_time": 1788524788.0, "translation": [476223.8551785722, 4293182.57900073, 265.91815986398706], "rotation": [-3.1298903624172434, -0.019199501786058382, 0.03163921045023274]}, "geometry": {"type": "Point", "coordinates": [-93.27375859654474, 38.7870614630293, 265.91815986398706]}}, {"type": "Feature", "properties": {"filename": "DJI_20260904122200_0656_D.JPG", "camera": "v2 hasselblad l3d-100c 6144 4096 brown 0.7777", "focal": 0.7856188734892825, "width": 6144, "height": 4096, "capture_time": 1788524520.0, "translation": [476161.9566049228, 4293120.976246756, 265.71819584423764], "rotation": [0.015772779859264757, -3.1214311079020334, -0.009943905533627386]}, "geometry": {"type": "Point", "coordinates": [-93.2744691608414, 38.786504652932734, 265.71819584423764]}}, {"type": "Feature", "properties": {"filename": "DJI_20260904122618_0785_D.JPG", "camera": "v2 hasselblad l3d-100c 6144 4096 brown 0.7777", "focal": 0.7856188734892825, "width": 6144, "height": 4096, "capture_time": 1788524778.0, "translation": [476223.77627515723, 4293138.0601299815, 266.0611271695979], "rotation": [-3.1317383242809114, -0.016152745942917, 0.03212431367409297]}, "geometry": {"type": "Point", "coordinates": [-93.27375797082752, 38.78666027535783, 266.0611271695979]}}, {"type": "Feature", "properties": {"filename": "DJI_20260904122420_0726_D.JPG", "camera": "v2 hasselblad l3d-100c 6144 4096 brown 0.7777", "focal": 0.7856188734892825, "width": 6144, "height": 4096, "capture_time": 1788524660.0, "translation": [476203.21305478766, 4293174.304340185, 266.1074723800565], "rotation": [0.006453568425465953, -3.13622462405037, 0.017803387804754055]}, "geometry": {"type": "Point", "coordinates": [-93.27399598207948, 38.7869863382237, 266.1074723800565]}}, {"type": "Feature", "properties": {"filename": "DJI_20260904121948_0590_D.JPG", "camera": "v2 hasselblad l3d-100c 6144 4096 brown 0.7777", "focal": 0.7856188734892825, "width": 6144, "height": 4096, "capture_time": 1788524388.0, "translation": [476120.8640320738, 4293015.734802368, 266.5169748930711], "rotation": [-0.01164960492611961, -3.1271274269071037, -0.023164359311991116]}, "geometry": {"type": "Point", "coordinates": [-93.2749386497338, 38.78555514858596, 266.5169748930711]}}, {"type": "Feature", "properties": {"filename": "DJI_20260904121810_0541_D.JPG", "camera": "v2 hasselblad l3d-100c 6144 4096 brown 0.7777", "focal": 0.7856188734892825, "width": 6144, "height": 4096, "capture_time": 1788524290.0, "translation": [476100.3862642326, 4293014.305716457, 266.34718422044557], "rotation": [-3.129624078780596, 0.0027258926108207878, 0.029180219394201626]}, "geometry": {"type": "Point", "coordinates": [-93.27517437381714, 38.785541715320335, 266.34718422044557]}}, {"type": "Feature", "properties": {"filename": "DJI_20260904122344_0708_D.JPG", "camera": "v2 hasselblad l3d-100c 6144 4096 brown 0.7777", "focal": 0.7856188734892825, "width": 6144, "height": 4096, "capture_time": 1788524624.0, "translation": [476182.3760668053, 4293124.622138456, 265.8258095687796], "rotation": [-3.1306315925272075, -0.007989918370198523, 0.030506381311993718]}, "geometry": {"type": "Point", "coordinates": [-93.27423418129725, 38.786538060142256, 265.8258095687796]}}, {"type": "Feature", "properties": {"filename": "DJI_20260904121808_0540_D.JPG", "camera": "v2 hasselblad l3d-100c 6144 4096 brown 0.7777", "focal": 0.7856188734892825, "width": 6144, "height": 4096, "capture_time": 1788524288.0, "translation": [476100.5002248137, 4293005.259074189, 266.33495763388964], "rotation": [-3.1312023685755674, 0.004091254327321585, 0.02987884037319173]}, "geometry": {"type": "Point", "coordinates": [-93.27517274835752, 38.78546019382386, 266.33495763388964]}}, {"type": "Feature", "properties": {"filename": "DJI_20260904122544_0768_D.JPG", "camera": "v2 hasselblad l3d-100c 6144 4096 brown 0.7777", "focal": 0.7856188734892825, "width": 6144, "height": 4096, "capture_time": 1788524744.0, "translation": [476223.5892402655, 4292985.855846164, 265.9253827988016], "rotation": [-3.1392783285033663, -0.019009437040089745, 0.025715378119379136]}, "geometry": {"type": "Point", "coordinates": [-93.27375487926444, 38.785288668415824, 265.9253827988016]}}, {"type": "Feature", "properties": {"filename": "DJI_20260904121950_0591_D.JPG", "camera": "v2 hasselblad l3d-100c 6144 4096 brown 0.7777", "focal": 0.7856188734892825, "width": 6144, "height": 4096, "capture_time": 1788524390.0, "translation": [476120.8116623515, 4293006.715922827, 266.4054623340026], "rotation": [-0.011964750767162174, -3.1273190047509805, -0.022383057606101053]}, "geometry": {"type": "Point", "coordinates": [-93.2749389405676, 38.78547387276608, 266.4054623340026]}}, {"type": "Feature", "properties": {"filename": "DJI_20260904121806_0539_D.JPG", "camera": "v2 hasselblad l3d-100c 6144 4096 brown 0.7777", "focal": 0.7856188734892825, "width": 6144, "height": 4096, "capture_time": 1788524286.0, "translation": [476100.38210787217, 4292996.165210281, 266.3114599918076], "rotation": [-3.133425397807062, 0.005361794838631401, 0.028776593127311678]}, "geometry": {"type": "Point", "coordinates": [-93.27517379331623, 38.78537824049256, 266.3114599918076]}}, {"type": "Feature", "properties": {"filename": "DJI_20260904122948_0890_D.JPG", "camera": "v2 hasselblad l3d-100c 6144 4096 brown 0.7777", "focal": 0.7856188734892825, "width": 6144, "height": 4096, "capture_time": 1788524988.0, "translation": [476285.1981977309, 4293058.069126641, 266.4519866311477], "rotation": [0.027363703003183984, -3.1266695443725587, -0.029985032242185922]}, "geometry": {"type": "Point", "coordinates": [-93.27304802064536, 38.7859410841429, 266.4519866311477]}}, {"type": "Feature", "properties": {"filename": "DJI_20260904121954_0593_D.JPG", "camera": "v2 hasselblad l3d-100c 6144 4096 brown 0.7777", "focal": 0.7856188734892825, "width": 6144, "height": 4096, "capture_time": 1788524394.0, "translation": [476120.7185550818, 4292988.708137051, 266.4949809061177], "rotation": [-0.011745396674932811, -3.1275671598526427, -0.019679731243739992]}, "geometry": {"type": "Point", "coordinates": [-93.27493938934403, 38.78531159154504, 266.4949809061177]}}, {"type": "Feature", "properties": {"filename": "DJI_20260904122338_0705_D.JPG", "camera": "v2 hasselblad l3d-100c 6144 4096 brown 0.7777", "focal": 0.7856188734892825, "width": 6144, "height": 4096, "capture_time": 1788524618.0, "translation": [476182.2210492051, 4293098.026445753, 265.911968542519], "rotation": [-3.129363148607215, -0.007584536219908851, 0.03191418452779514]}, "geometry": {"type": "Point", "coordinates": [-93.27423504802033, 38.7862983866264, 265.911968542519]}}, {"type": "Feature", "properties": {"filename": "DJI_20260904121956_0594_D.JPG", "camera": "v2 hasselblad l3d-100c 6144 4096 brown 0.7777", "focal": 0.7856188734892825, "width": 6144, "height": 4096, "capture_time": 1788524396.0, "translation": [476120.7422078107, 4292979.614675002, 266.44988189498787], "rotation": [-0.011950857186875915, -3.127876350994006, -0.01966023367564629]}, "geometry": {"type": "Point", "coordinates": [-93.27493880230553, 38.78522964567439, 266.44988189498787]}}, {"type": "Feature", "properties": {"filename": "DJI_20260904121804_0538_D.JPG", "camera": "v2 hasselblad l3d-100c 6144 4096 brown 0.7777", "focal": 0.7856188734892825, "width": 6144, "height": 4096, "capture_time": 1788524284.0, "translation": [476100.3749566665, 4292987.012956287, 266.16691588023355], "rotation": [-3.135546268456142, 0.006519964198709364, 0.029083236610532717]}, "geometry": {"type": "Point", "coordinates": [-93.27517355863601, 38.785295763981274, 266.16691588023355]}}, {"type": "Feature", "properties": {"filename": "DJI_20260904121958_0595_D.JPG", "camera": "v2 hasselblad l3d-100c 6144 4096 brown 0.7777", "focal": 0.7856188734892825, "width": 6144, "height": 4096, "capture_time": 1788524398.0, "translation": [476120.76803137455, 4292970.687459401, 266.467661516918], "rotation": [-0.012366322304535982, -3.1276335277862355, -0.018521743845427034]}, "geometry": {"type": "Point", "coordinates": [-93.27493819602836, 38.78514919800551, 266.467661516918]}}, {"type": "Feature", "properties": {"filename": "DJI_20260904122848_0860_D.JPG", "camera": "v2 hasselblad l3d-100c 6144 4096 brown 0.7777", "focal": 0.7856188734892825, "width": 6144, "height": 4096, "capture_time": 1788524928.0, "translation": [476264.66387644154, 4293131.070055901, 266.2685051409443], "rotation": [-3.1305849476595746, -0.026900994120334993, 0.03036322783624156]}, "geometry": {"type": "Point", "coordinates": [-93.27328695802333, 38.786598385592164, 266.2685051409443]}}, {"type": "Feature", "properties": {"filename": "DJI_20260904122106_0629_D.JPG", "camera": "v2 hasselblad l3d-100c 6144 4096 brown 0.7777", "focal": 0.7856188734892825, "width": 6144, "height": 4096, "capture_time": 1788524466.0, "translation": [476141.5497572248, 4293107.914914489, 265.724099779913], "rotation": [-3.1317489387292663, 0.003461285850508049, 0.027419386582341537]}, "geometry": {"type": "Point", "coordinates": [-93.27470366933808, 38.786386397559625, 265.724099779913]}}, {"type": "Feature", "properties": {"filename": "DJI_20260904122648_0800_D.JPG", "camera": "v2 hasselblad l3d-100c 6144 4096 brown 0.7777", "focal": 0.7856188734892825, "width": 6144, "height": 4096, "capture_time": 1788524808.0, "translation": [476244.1728113015, 4293186.689346878, 266.0128079823251], "rotation": [0.0014395682825756135, 3.141171017547543, -0.025369643110327866]}, "geometry": {"type": "Point", "coordinates": [-93.27352480327598, 38.78709905154066, 266.0128079823251]}}, {"type": "Feature", "properties": {"filename": "DJI_20260904122710_0811_D.JPG", "camera": "v2 hasselblad l3d-100c 6144 4096 brown 0.7777", "focal": 0.7856188734892825, "width": 6144, "height": 4096, "capture_time": 1788524830.0, "translation": [476244.13234472024, 4293087.579446769, 266.41456608788513], "rotation": [0.02452343040183123, -3.1252258032684037, -0.022633010568211744]}, "geometry": {"type": "Point", "coordinates": [-93.27352185665465, 38.78620591321076, 266.41456608788513]}}, {"type": "Feature", "properties": {"filename": "DJI_20260904121800_0536_D.JPG", "camera": "v2 hasselblad l3d-100c 6144 4096 brown 0.7777", "focal": 0.7856188734892825, "width": 6144, "height": 4096, "capture_time": 1788524280.0, "translation": [476100.34726039984, 4292968.970212184, 266.0879234489825], "rotation": [-3.1404605748876144, 0.007662241038307838, 0.029445719254401186]}, "geometry": {"type": "Point", "coordinates": [-93.27517325255691, 38.78513316949971, 266.0879234489825]}}, {"type": "Feature", "properties": {"filename": "DJI_20260904122938_0885_D.JPG", "camera": "v2 hasselblad l3d-100c 6144 4096 brown 0.7777", "focal": 0.7856188734892825, "width": 6144, "height": 4096, "capture_time": 1788524978.0, "translation": [476285.36863008636, 4293103.6357907895, 266.181233409978], "rotation": [0.032621367022919616, -3.1272345805551267, -0.024058953779830333]}, "geometry": {"type": "Point", "coordinates": [-93.27304762452535, 38.78635171662403, 266.181233409978]}}, {"type": "Feature", "properties": {"filename": "DJI_20260904121758_0535_D.JPG", "camera": "v2 hasselblad l3d-100c 6144 4096 brown 0.7777", "focal": 0.7856188734892825, "width": 6144, "height": 4096, "capture_time": 1788524278.0, "translation": [476100.57664836716, 4292959.903935832, 266.0622489093237], "rotation": [3.1386513807000043, -0.007882536776532594, -0.029546697650680385]}, "geometry": {"type": "Point", "coordinates": [-93.2751702974509, 38.78505147419253, 266.0622489093237]}}, {"type": "Feature", "properties": {"filename": "DJI_20260904123014_0903_D.JPG", "camera": "v2 hasselblad l3d-100c 6144 4096 brown 0.7777", "focal": 0.7856188734892825, "width": 6144, "height": 4096, "capture_time": 1788525014.0, "translation": [476284.83799594047, 4292942.195668269, 266.0338946966055], "rotation": [0.01905545659127971, -3.134955313581991, -0.020701140890440103]}, "geometry": {"type": "Point", "coordinates": [-93.27304818523014, 38.78489687072934, 266.0338946966055]}}, {"type": "Feature", "properties": {"filename": "DJI_20260904121756_0534_D.JPG", "camera": "v2 hasselblad l3d-100c 6144 4096 brown 0.7777", "focal": 0.7856188734892825, "width": 6144, "height": 4096, "capture_time": 1788524276.0, "translation": [476100.75907762174, 4292950.883982358, 266.0274584616738], "rotation": [3.135851757729634, -0.008367717416440582, -0.02646327589654349]}, "geometry": {"type": "Point", "coordinates": [-93.27516788461782, 38.784970195053646, 266.0274584616738]}}, {"type": "Feature", "properties": {"filename": "DJI_20260904122038_0615_D.JPG", "camera": "v2 hasselblad l3d-100c 6144 4096 brown 0.7777", "focal": 0.7856188734892825, "width": 6144, "height": 4096, "capture_time": 1788524438.0, "translation": [476141.61306779756, 4292983.109896305, 265.85640430569896], "rotation": [-3.1351440018303993, 0.008975415925405088, 0.024324922367192973]}, "geometry": {"type": "Point", "coordinates": [-93.27469862474483, 38.785261708257025, 265.85640430569896]}}, {"type": "Feature", "properties": {"filename": "DJI_20260904122040_0616_D.JPG", "camera": "v2 hasselblad l3d-100c 6144 4096 brown 0.7777", "focal": 0.7856188734892825, "width": 6144, "height": 4096, "capture_time": 1788524440.0, "translation": [476141.7097724745, 4292992.156397895, 265.8668775203139], "rotation": [-3.133015877403462, 0.00895112829299863, 0.02471984850490319]}, "geometry": {"type": "Point", "coordinates": [-93.27469782413766, 38.7853432341986, 265.8668775203139]}}, {"type": "Feature", "properties": {"filename": "DJI_20260904122036_0614_D.JPG", "camera": "v2 hasselblad l3d-100c 6144 4096 brown 0.7777", "focal": 0.7856188734892825, "width": 6144, "height": 4096, "capture_time": 1788524436.0, "translation": [476141.74485018075, 4292974.154467609, 265.87847232298964], "rotation": [-3.1374837250126704, 0.008878054733290721, 0.023573807872527244]}, "geometry": {"type": "Point", "coordinates": [-93.27469679779647, 38.785181009209275, 265.87847232298964]}}, {"type": "Feature", "properties": {"filename": "DJI_20260904122320_0696_D.JPG", "camera": "v2 hasselblad l3d-100c 6144 4096 brown 0.7777", "focal": 0.7856188734892825, "width": 6144, "height": 4096, "capture_time": 1788524600.0, "translation": [476182.4251854886, 4293017.491483246, 265.9427966039387], "rotation": [-3.1269660468347498, -0.004764944456148524, 0.03234625766538946]}, "geometry": {"type": "Point", "coordinates": [-93.2742299175635, 38.78557264447598, 265.9427966039387]}}, {"type": "Feature", "properties": {"filename": "DJI_20260904122330_0701_D.JPG", "camera": "v2 hasselblad l3d-100c 6144 4096 brown 0.7777", "focal": 0.7856188734892825, "width": 6144, "height": 4096, "capture_time": 1788524610.0, "translation": [476182.2058267905, 4293062.488305162, 265.8937660396961], "rotation": [-3.126385677085319, -0.006189406828647311, 0.03330978992506008]}, "geometry": {"type": "Point", "coordinates": [-93.27423399648094, 38.78597813124908, 265.8937660396961]}}, {"type": "Feature", "properties": {"filename": "DJI_20260904122042_0617_D.JPG", "camera": "v2 hasselblad l3d-100c 6144 4096 brown 0.7777", "focal": 0.7856188734892825, "width": 6144, "height": 4096, "capture_time": 1788524442.0, "translation": [476141.7029646444, 4293001.142335549, 265.8769170693751], "rotation": [-3.131377115238509, 0.009442023637794679, 0.02572844044469911]}, "geometry": {"type": "Point", "coordinates": [-93.27469821323832, 38.78542421156047, 265.8769170693751]}}, {"type": "Feature", "properties": {"filename": "DJI_20260904122034_0613_D.JPG", "camera": "v2 hasselblad l3d-100c 6144 4096 brown 0.7777", "focal": 0.7856188734892825, "width": 6144, "height": 4096, "capture_time": 1788524434.0, "translation": [476141.7589162525, 4292965.16874567, 265.9259887050748], "rotation": [-3.1406517221231596, 0.007703001858294759, 0.021204979716973816]}, "geometry": {"type": "Point", "coordinates": [-93.2746963251396, 38.78510003398437, 265.9259887050748]}}, {"type": "Feature", "properties": {"filename": "DJI_20260904122044_0618_D.JPG", "camera": "v2 hasselblad l3d-100c 6144 4096 brown 0.7777", "focal": 0.7856188734892825, "width": 6144, "height": 4096, "capture_time": 1788524444.0, "translation": [476141.61150957696, 4293010.141330478, 265.8600804277924], "rotation": [-3.1302635515421717, 0.009625120682777473, 0.02621763802210105]}, "geometry": {"type": "Point", "coordinates": [-93.27469957738882, 38.785505304297054, 265.8600804277924]}}, {"type": "Feature", "properties": {"filename": "DJI_20260904122046_0619_D.JPG", "camera": "v2 hasselblad l3d-100c 6144 4096 brown 0.7777", "focal": 0.7856188734892825, "width": 6144, "height": 4096, "capture_time": 1788524446.0, "translation": [476141.49856632587, 4293019.158992387, 265.8461820682466], "rotation": [-3.128625503677411, 0.009537082983293881, 0.025314153372705324]}, "geometry": {"type": "Point", "coordinates": [-93.2747011895957, 38.78558656467001, 265.8461820682466]}}, {"type": "Feature", "properties": {"filename": "DJI_20260904122208_0660_D.JPG", "camera": "v2 hasselblad l3d-100c 6144 4096 brown 0.7777", "focal": 0.7856188734892825, "width": 6144, "height": 4096, "capture_time": 1788524528.0, "translation": [476162.68911938486, 4293084.895608598, 266.0088548542236], "rotation": [0.016018774604767624, -3.123286671716675, -0.018062415348374303]}, "geometry": {"type": "Point", "coordinates": [-93.27445948025625, 38.78617952902988, 266.0088548542236]}}, {"type": "Feature", "properties": {"filename": "DJI_20260904122616_0784_D.JPG", "camera": "v2 hasselblad l3d-100c 6144 4096 brown 0.7777", "focal": 0.7856188734892825, "width": 6144, "height": 4096, "capture_time": 1788524776.0, "translation": [476223.756208869, 4293129.186841207, 266.0645480966068], "rotation": [-3.1302320009247278, -0.01608632271103854, 0.03278781863545701]}, "geometry": {"type": "Point", "coordinates": [-93.27375789608071, 38.78658031242615, 266.0645480966068]}}, {"type": "Feature", "properties": {"filename": "DJI_20260904122032_0612_D.JPG", "camera": "v2 hasselblad l3d-100c 6144 4096 brown 0.7777", "focal": 0.7856188734892825, "width": 6144, "height": 4096, "capture_time": 1788524432.0, "translation": [476141.6887050675, 4292956.17531878, 265.9674693491208], "rotation": [3.1390209589344154, -0.0052097306851526266, -0.01815752858021644]}, "geometry": {"type": "Point", "coordinates": [-93.27469682254844, 38.78501898704367, 265.9674693491208]}}, {"type": "Feature", "properties": {"filename": "DJI_20260904122202_0657_D.JPG", "camera": "v2 hasselblad l3d-100c 6144 4096 brown 0.7777", "focal": 0.7856188734892825, "width": 6144, "height": 4096, "capture_time": 1788524522.0, "translation": [476161.89822082856, 4293112.013009994, 265.76691794839513], "rotation": [0.01577553597004384, -3.120582535932127, -0.012311269660866138]}, "geometry": {"type": "Point", "coordinates": [-93.2744695233763, 38.78642387839225, 265.76691794839513]}}, {"type": "Feature", "properties": {"filename": "DJI_20260904122342_0707_D.JPG", "camera": "v2 hasselblad l3d-100c 6144 4096 brown 0.7777", "focal": 0.7856188734892825, "width": 6144, "height": 4096, "capture_time": 1788524622.0, "translation": [476182.3919230008, 4293115.745792987, 265.8841132987723], "rotation": [-3.1299538535097717, -0.008189080634945958, 0.031586520044950384]}, "geometry": {"type": "Point", "coordinates": [-93.27423369231022, 38.78645807063609, 265.8841132987723]}}, {"type": "Feature", "properties": {"filename": "DJI_20260904122104_0628_D.JPG", "camera": "v2 hasselblad l3d-100c 6144 4096 brown 0.7777", "focal": 0.7856188734892825, "width": 6144, "height": 4096, "capture_time": 1788524464.0, "translation": [476141.6966581731, 4293099.070430947, 265.71760260616924], "rotation": [-3.131592982051141, 0.004764351693733089, 0.027160956597970045]}, "geometry": {"type": "Point", "coordinates": [-93.27470167211273, 38.78630669872842, 265.71760260616924]}}, {"type": "Feature", "properties": {"filename": "DJI_20260904122238_0675_D.JPG", "camera": "v2 hasselblad l3d-100c 6144 4096 brown 0.7777", "focal": 0.7856188734892825, "width": 6144, "height": 4096, "capture_time": 1788524558.0, "translation": [476161.8885338136, 4292949.892854049, 266.08979272284324], "rotation": [0.008287864056072717, -3.1324711069026105, -0.02127602221299975]}, "geometry": {"type": "Point", "coordinates": [-93.27446403373577, 38.784962918521124, 266.08979272284324]}}, {"type": "Feature", "properties": {"filename": "DJI_20260904122422_0727_D.JPG", "camera": "v2 hasselblad l3d-100c 6144 4096 brown 0.7777", "focal": 0.7856188734892825, "width": 6144, "height": 4096, "capture_time": 1788524662.0, "translation": [476203.35620853474, 4293165.252026845, 266.1082973169049], "rotation": [0.011719895526689107, -3.1342852112966586, 0.01137947937010734]}, "geometry": {"type": "Point", "coordinates": [-93.27399402159759, 38.78690476640899, 266.1082973169049]}}, {"type": "Feature", "properties": {"filename": "DJI_20260904122626_0789_D.JPG", "camera": "v2 hasselblad l3d-100c 6144 4096 brown 0.7777", "focal": 0.7856188734892825, "width": 6144, "height": 4096, "capture_time": 1788524786.0, "translation": [476223.76408749376, 4293173.727961203, 265.93831909293016], "rotation": [-3.1301223226960806, -0.018391024472343236, 0.03113990545973965]}, "geometry": {"type": "Point", "coordinates": [-93.27375934033093, 38.78698169868838, 265.93831909293016]}}, {"type": "Feature", "properties": {"filename": "DJI_20260904122650_0801_D.JPG", "camera": "v2 hasselblad l3d-100c 6144 4096 brown 0.7777", "focal": 0.7856188734892825, "width": 6144, "height": 4096, "capture_time": 1788524810.0, "translation": [476244.08319811185, 4293177.654092472, 266.1157641903869], "rotation": [0.009332263627151333, -3.138747786388982, 0.01934553136623323]}, "geometry": {"type": "Point", "coordinates": [-93.2735255239636, 38.787017627172766, 266.1157641903869]}}, {"type": "Feature", "properties": {"filename": "DJI_20260904122004_0598_D.JPG", "camera": "v2 hasselblad l3d-100c 6144 4096 brown 0.7777", "focal": 0.7856188734892825, "width": 6144, "height": 4096, "capture_time": 1788524404.0, "translation": [476120.78862947493, 4292944.037467786, 266.2955205551729], "rotation": [-0.013508320078943486, -3.127836107403564, -0.012510346200309618]}, "geometry": {"type": "Point", "coordinates": [-93.274937036569, 38.78490903987371, 266.2955205551729]}}, {"type": "Feature", "properties": {"filename": "DJI_20260904121754_0533_D.JPG", "camera": "v2 hasselblad l3d-100c 6144 4096 brown 0.7777", "focal": 0.7856188734892825, "width": 6144, "height": 4096, "capture_time": 1788524274.0, "translation": [476100.66544760554, 4292941.820642376, 266.00350385713955], "rotation": [3.132898619049648, -0.009079585809795348, -0.024154105649205407]}, "geometry": {"type": "Point", "coordinates": [-93.2751686487046, 38.78488851744835, 266.00350385713955]}}, {"type": "Feature", "properties": {"filename": "DJI_20260904122732_0822_D.JPG", "camera": "v2 hasselblad l3d-100c 6144 4096 brown 0.7777", "focal": 0.7856188734892825, "width": 6144, "height": 4096, "capture_time": 1788524852.0, "translation": [476244.34962281893, 4292989.290551161, 266.48609828502435], "rotation": [0.02274224197945013, -3.129592436389424, -0.025701168782234364]}, "geometry": {"type": "Point", "coordinates": [-93.2735159708707, 38.78532018024254, 266.48609828502435]}}, {"type": "Feature", "properties": {"filename": "DJI_20260904122102_0627_D.JPG", "camera": "v2 hasselblad l3d-100c 6144 4096 brown 0.7777", "focal": 0.7856188734892825, "width": 6144, "height": 4096, "capture_time": 1788524462.0, "translation": [476141.613434156, 4293090.21841686, 265.7198045299492], "rotation": [-3.1314098459571014, 0.005550094902680616, 0.02572093865968125]}, "geometry": {"type": "Point", "coordinates": [-93.2747023242322, 38.786226925805636, 265.7198045299492]}}, {"type": "Feature", "properties": {"filename": "DJI_20260904122720_0816_D.JPG", "camera": "v2 hasselblad l3d-100c 6144 4096 brown 0.7777", "focal": 0.7856188734892825, "width": 6144, "height": 4096, "capture_time": 1788524840.0, "translation": [476244.53732382273, 4293042.980927055, 266.52882482508795], "rotation": [0.023719500679746878, -3.127261748671113, -0.024482717271998817]}, "geometry": {"type": "Point", "coordinates": [-93.27351565829004, 38.78580402075053, 266.52882482508795]}}, {"type": "Feature", "properties": {"filename": "DJI_20260904122218_0665_D.JPG", "camera": "v2 hasselblad l3d-100c 6144 4096 brown 0.7777", "focal": 0.7856188734892825, "width": 6144, "height": 4096, "capture_time": 1788524538.0, "translation": [476162.25373412506, 4293040.24367253, 266.16569194999374], "rotation": [0.015380579758185287, -3.127446050484897, -0.020275287623853444]}, "geometry": {"type": "Point", "coordinates": [-93.2744629504666, 38.78577713254678, 266.16569194999374]}}, {"type": "Feature", "properties": {"filename": "DJI_20260904122048_0620_D.JPG", "camera": "v2 hasselblad l3d-100c 6144 4096 brown 0.7777", "focal": 0.7856188734892825, "width": 6144, "height": 4096, "capture_time": 1788524448.0, "translation": [476141.60044308216, 4293028.123167345, 265.83205187361204], "rotation": [-3.128299452039677, 0.009138675466680355, 0.025265206163347136]}, "geometry": {"type": "Point", "coordinates": [-93.27470032659373, 38.785667348853586, 265.83205187361204]}}, {"type": "Feature", "properties": {"filename": "DJI_20260904122808_0840_D.JPG", "camera": "v2 hasselblad l3d-100c 6144 4096 brown 0.7777", "focal": 0.7856188734892825, "width": 6144, "height": 4096, "capture_time": 1788524888.0, "translation": [476264.7421198976, 4292953.594559946, 265.9720247706601], "rotation": [3.1291289035487218, 0.03097900547020742, -0.022059957772203053]}, "geometry": {"type": "Point", "coordinates": [-93.27327995187298, 38.78499905200449, 265.9720247706601]}}, {"type": "Feature", "properties": {"filename": "DJI_20260904122050_0621_D.JPG", "camera": "v2 hasselblad l3d-100c 6144 4096 brown 0.7777", "focal": 0.7856188734892825, "width": 6144, "height": 4096, "capture_time": 1788524450.0, "translation": [476141.6514666855, 4293037.054306415, 265.7932333732908], "rotation": [-3.1285564934741195, 0.009587256343873357, 0.02863573321931015]}, "geometry": {"type": "Point", "coordinates": [-93.27470004795434, 38.78574783395402, 265.7932333732908]}}, {"type": "Feature", "properties": {"filename": "DJI_20260904122820_0846_D.JPG", "camera": "v2 hasselblad l3d-100c 6144 4096 brown 0.7777", "focal": 0.7856188734892825, "width": 6144, "height": 4096, "capture_time": 1788524900.0, "translation": [476264.54263575294, 4293007.071626671, 266.0709457009737], "rotation": [-3.1340238181957965, -0.027260264753115142, 0.029391542901460076]}, "geometry": {"type": "Point", "coordinates": [-93.27328408825318, 38.78548095986547, 266.0709457009737]}}, {"type": "Feature", "properties": {"filename": "DJI_20260904122932_0882_D.JPG", "camera": "v2 hasselblad l3d-100c 6144 4096 brown 0.7777", "focal": 0.7856188734892825, "width": 6144, "height": 4096, "capture_time": 1788524972.0, "translation": [476285.48809479893, 4293130.633720095, 266.1434366179518], "rotation": [0.03139289586013413, -3.1297996540245934, -0.01344429704558824]}, "geometry": {"type": "Point", "coordinates": [-93.27304717700179, 38.786595013976225, 266.1434366179518]}}, {"type": "Feature", "properties": {"filename": "DJI_20260904122052_0622_D.JPG", "camera": "v2 hasselblad l3d-100c 6144 4096 brown 0.7777", "focal": 0.7856188734892825, "width": 6144, "height": 4096, "capture_time": 1788524452.0, "translation": [476141.55528205546, 4293046.006812583, 265.75996648907335], "rotation": [-3.129153554471401, 0.009288018534181156, 0.027113315195705204]}, "geometry": {"type": "Point", "coordinates": [-93.2747014649624, 38.785828507620636, 265.75996648907335]}}, {"type": "Feature", "properties": {"filename": "DJI_20260904123028_0910_D.JPG", "camera": "v2 hasselblad l3d-100c 6144 4096 brown 0.7777", "focal": 0.7856188734892825, "width": 6144, "height": 4096, "capture_time": 1788525028.0, "translation": [476284.93545346346, 4292906.79376721, 265.36735722312727], "rotation": [0.01877539046616998, -3.135303437727744, -0.026956537460225343]}, "geometry": {"type": "Point", "coordinates": [-93.27304584640197, 38.784577846010755, 265.36735722312727]}}, {"type": "Feature", "properties": {"filename": "DJI_20260904122454_0743_D.JPG", "camera": "v2 hasselblad l3d-100c 6144 4096 brown 0.7777", "focal": 0.7856188734892825, "width": 6144, "height": 4096, "capture_time": 1788524694.0, "translation": [476203.34124719165, 4293022.56069175, 266.4183196578429], "rotation": [0.024277684788641125, -3.1271309015720443, -0.01689848866108419]}, "geometry": {"type": "Point", "coordinates": [-93.273989272376, 38.785618890945976, 266.4183196578429]}}, {"type": "Feature", "properties": {"filename": "DJI_20260904122054_0623_D.JPG", "camera": "v2 hasselblad l3d-100c 6144 4096 brown 0.7777", "focal": 0.7856188734892825, "width": 6144, "height": 4096, "capture_time": 1788524454.0, "translation": [476141.67525086616, 4293054.886327657, 265.7985662334377], "rotation": [-3.1295952988937414, 0.009670394974816197, 0.027616550248537552]}, "geometry": {"type": "Point", "coordinates": [-93.2747003907256, 38.785908529370815, 265.7985662334377]}}, {"type": "Feature", "properties": {"filename": "DJI_20260904122858_0865_D.JPG", "camera": "v2 hasselblad l3d-100c 6144 4096 brown 0.7777", "focal": 0.7856188734892825, "width": 6144, "height": 4096, "capture_time": 1788524938.0, "translation": [476264.9351115157, 4293175.597433827, 266.20251138446633], "rotation": [-3.1304797357305114, -0.02866531881708148, 0.03156226688821784]}, "geometry": {"type": "Point", "coordinates": [-93.27328536690904, 38.78699965512187, 266.20251138446633]}}, {"type": "Feature", "properties": {"filename": "DJI_20260904122006_0599_D.JPG", "camera": "v2 hasselblad l3d-100c 6144 4096 brown 0.7777", "focal": 0.7856188734892825, "width": 6144, "height": 4096, "capture_time": 1788524406.0, "translation": [476120.98543491855, 4292935.126280087, 266.2220988570848], "rotation": [-0.013596348425661693, -3.127940423951366, -0.010919303321402287]}, "geometry": {"type": "Point", "coordinates": [-93.27493446225003, 38.78482874126861, 266.2220988570848]}}, {"type": "Feature", "properties": {"filename": "DJI_20260904122022_0607_D.JPG", "camera": "v2 hasselblad l3d-100c 6144 4096 brown 0.7777", "focal": 0.7856188734892825, "width": 6144, "height": 4096, "capture_time": 1788524422.0, "translation": [476141.891801937, 4292912.186596663, 265.98192705697227], "rotation": [3.128469458655073, 0.0728404478377238, -0.01179297132933297]}, "geometry": {"type": "Point", "coordinates": [-93.27469296318374, 38.78462258436813, 265.98192705697227]}}, {"type": "Feature", "properties": {"filename": "DJI_20260904121752_0532_D.JPG", "camera": "v2 hasselblad l3d-100c 6144 4096 brown 0.7777", "focal": 0.7856188734892825, "width": 6144, "height": 4096, "capture_time": 1788524272.0, "translation": [476100.69218824373, 4292932.672495078, 266.013475433302], "rotation": [3.1307820258407864, -0.009218943374631663, -0.022829147449109907]}, "geometry": {"type": "Point", "coordinates": [-93.27516802396325, 38.78480607885675, 266.013475433302]}}, {"type": "Feature", "properties": {"filename": "DJI_20260904122008_0600_D.JPG", "camera": "v2 hasselblad l3d-100c 6144 4096 brown 0.7777", "focal": 0.7856188734892825, "width": 6144, "height": 4096, "capture_time": 1788524408.0, "translation": [476121.00443968346, 4292926.125100311, 266.2213988985512], "rotation": [-0.014121470291512202, -3.128192972828434, -0.011625393889992217]}, "geometry": {"type": "Point", "coordinates": [-93.27493393193242, 38.784747626874896, 266.2213988985512]}}, {"type": "Feature", "properties": {"filename": "DJI_20260904121750_0531_D.JPG", "camera": "v2 hasselblad l3d-100c 6144 4096 brown 0.7777", "focal": 0.7856188734892825, "width": 6144, "height": 4096, "capture_time": 1788524270.0, "translation": [476100.7159053972, 4292923.501342306, 265.99433297475707], "rotation": [3.1306227867247753, -0.00782029490057583, -0.021566903886490914]}, "geometry": {"type": "Point", "coordinates": [-93.27516743323795, 38.78472343286619, 265.99433297475707]}}, {"type": "Feature", "properties": {"filename": "DJI_20260904122012_0602_D.JPG", "camera": "v2 hasselblad l3d-100c 6144 4096 brown 0.7777", "focal": 0.7856188734892825, "width": 6144, "height": 4096, "capture_time": 1788524412.0, "translation": [476120.82382737694, 4292908.696864234, 266.15249007177323], "rotation": [0.0791614795390274, -3.1266903964903383, -0.01688533510956998]}, "geometry": {"type": "Point", "coordinates": [-93.27493540826963, 38.784590565925726, 266.15249007177323]}}, {"type": "Feature", "properties": {"filename": "DJI_20260904121748_0530_D.JPG", "camera": "v2 hasselblad l3d-100c 6144 4096 brown 0.7777", "focal": 0.7856188734892825, "width": 6144, "height": 4096, "capture_time": 1788524268.0, "translation": [476100.6717855813, 4292911.951234634, 265.89313151449375], "rotation": [3.1299067250432886, -0.005552717249698657, -0.019916449963945072]}, "geometry": {"type": "Point", "coordinates": [-93.27516754115639, 38.78461934687782, 265.89313151449375]}}, {"type": "Feature", "properties": {"filename": "DJI_20260904122014_0603_D.JPG", "camera": "v2 hasselblad l3d-100c 6144 4096 brown 0.7777", "focal": 0.7856188734892825, "width": 6144, "height": 4096, "capture_time": 1788524414.0, "translation": [476121.9751869127, 4292903.071537055, 266.1282879620131], "rotation": [1.454083004721895, -2.762412536941755, -0.01902889417130681]}, "geometry": {"type": "Point", "coordinates": [-93.27492195744544, 38.784539903988396, 266.1282879620131]}}, {"type": "Feature", "properties": {"filename": "DJI_20260904122016_0604_D.JPG", "camera": "v2 hasselblad l3d-100c 6144 4096 brown 0.7777", "focal": 0.7856188734892825, "width": 6144, "height": 4096, "capture_time": 1788524416.0, "translation": [476127.0319401737, 4292900.749400061, 266.01816470521305], "rotation": [2.5200381628302937, -1.8347628653147705, -0.011723219938212367]}, "geometry": {"type": "Point", "coordinates": [-93.27486365630737, 38.78451911480014, 266.01816470521305]}}, {"type": "Feature", "properties": {"filename": "DJI_20260904122740_0826_D.JPG", "camera": "v2 hasselblad l3d-100c 6144 4096 brown 0.7777", "focal": 0.7856188734892825, "width": 6144, "height": 4096, "capture_time": 1788524860.0, "translation": [476244.1790043551, 4292952.9344566, 266.42027534843527], "rotation": [0.02302862709972555, -3.131574059108449, -0.028503047019944487]}, "geometry": {"type": "Point", "coordinates": [-93.27351668358712, 38.784992549542345, 266.42027534843527]}}, {"type": "Feature", "properties": {"filename": "DJI_20260904123006_0899_D.JPG", "camera": "v2 hasselblad l3d-100c 6144 4096 brown 0.7777", "focal": 0.7856188734892825, "width": 6144, "height": 4096, "capture_time": 1788525006.0, "translation": [476285.0799883214, 4292977.68801998, 266.14459685592783], "rotation": [0.019893508514712187, -3.1338619209237217, -0.021351647415720255]}, "geometry": {"type": "Point", "coordinates": [-93.27304661891128, 38.785216719665975, 266.14459685592783]}}, {"type": "Feature", "properties": {"filename": "DJI_20260904121746_0529_D.JPG", "camera": "v2 hasselblad l3d-100c 6144 4096 brown 0.7777", "focal": 0.7856188734892825, "width": 6144, "height": 4096, "capture_time": 1788524266.0, "translation": [476100.6621474405, 4292905.186625631, 265.9510344568881], "rotation": [3.1294516287323946, -0.0017314069751198273, -0.018581529506015205]}, "geometry": {"type": "Point", "coordinates": [-93.27516741782352, 38.784558386757716, 265.9510344568881]}}, {"type": "Feature", "properties": {"filename": "DJI_20260904122020_0606_D.JPG", "camera": "v2 hasselblad l3d-100c 6144 4096 brown 0.7777", "focal": 0.7856188734892825, "width": 6144, "height": 4096, "capture_time": 1788524420.0, "translation": [476142.7476189761, 4292906.002245467, 265.98603209719664], "rotation": [3.1256245175832547, 0.11260153768507253, -0.008976629217840983]}, "geometry": {"type": "Point", "coordinates": [-93.27468289591876, 38.78456687671116, 265.98603209719664]}}, {"type": "Feature", "properties": {"filename": "DJI_20260904122210_0661_D.JPG", "camera": "v2 hasselblad l3d-100c 6144 4096 brown 0.7777", "focal": 0.7856188734892825, "width": 6144, "height": 4096, "capture_time": 1788524530.0, "translation": [476162.58748791285, 4293076.085422873, 266.01083257949597], "rotation": [0.01563942726426609, -3.1238407521199614, -0.016808091400487273]}, "geometry": {"type": "Point", "coordinates": [-93.27446034602882, 38.786100132547794, 266.01083257949597]}}, {"type": "Feature", "properties": {"filename": "DJI_20260904122018_0605_D.JPG", "camera": "v2 hasselblad l3d-100c 6144 4096 brown 0.7777", "focal": 0.7856188734892825, "width": 6144, "height": 4096, "capture_time": 1788524418.0, "translation": [476137.6620238518, 4292901.470960976, 265.9311651347092], "rotation": [3.014369189943376, -0.8059625785057666, -0.009093359377303122]}, "geometry": {"type": "Point", "coordinates": [-93.27474129210438, 38.78452590500605, 265.9311651347092]}}, {"type": "Feature", "properties": {"filename": "DJI_20260904122220_0666_D.JPG", "camera": "v2 hasselblad l3d-100c 6144 4096 brown 0.7777", "focal": 0.7856188734892825, "width": 6144, "height": 4096, "capture_time": 1788524540.0, "translation": [476162.0465726713, 4293031.419225366, 266.1391682281924], "rotation": [0.014523556624373506, -3.1260527396468194, -0.017973220151073045]}, "geometry": {"type": "Point", "coordinates": [-93.27446503077677, 38.78569760468739, 266.1391682281924]}}, {"type": "Feature", "properties": {"filename": "DJI_20260904122228_0670_D.JPG", "camera": "v2 hasselblad l3d-100c 6144 4096 brown 0.7777", "focal": 0.7856188734892825, "width": 6144, "height": 4096, "capture_time": 1788524548.0, "translation": [476162.007119691, 4292995.713288573, 266.08698243517506], "rotation": [0.010052913386832367, -3.1291358268798017, -0.014455272831008233]}, "geometry": {"type": "Point", "coordinates": [-93.27446425141751, 38.7853758365178, 266.08698243517506]}}, {"type": "Feature", "properties": {"filename": "DJI_20260904122232_0672_D.JPG", "camera": "v2 hasselblad l3d-100c 6144 4096 brown 0.7777", "focal": 0.7856188734892825, "width": 6144, "height": 4096, "capture_time": 1788524552.0, "translation": [476162.0472156318, 4292977.444080633, 266.0788886098722], "rotation": [0.008873993729284251, -3.1317840009658564, -0.016062242679652457]}, "geometry": {"type": "Point", "coordinates": [-93.27446315859278, 38.78521120306554, 266.0788886098722]}}, {"type": "Feature", "properties": {"filename": "DJI_20260904122226_0669_D.JPG", "camera": "v2 hasselblad l3d-100c 6144 4096 brown 0.7777", "focal": 0.7856188734892825, "width": 6144, "height": 4096, "capture_time": 1788524546.0, "translation": [476161.9695195921, 4293004.786846197, 266.0242437940023], "rotation": [0.011296623263514341, -3.128815227000784, -0.01337495897571329]}, "geometry": {"type": "Point", "coordinates": [-93.27446499781207, 38.78545760264318, 266.0242437940023]}}, {"type": "Feature", "properties": {"filename": "DJI_20260904122224_0668_D.JPG", "camera": "v2 hasselblad l3d-100c 6144 4096 brown 0.7777", "focal": 0.7856188734892825, "width": 6144, "height": 4096, "capture_time": 1788524544.0, "translation": [476162.030413073, 4293013.827073561, 265.9714809561082], "rotation": [0.01237297188468997, -3.1280738268827193, -0.01374483209409974]}, "geometry": {"type": "Point", "coordinates": [-93.27446460903826, 38.7855390710723, 265.9714809561082]}}, {"type": "Feature", "properties": {"filename": "DJI_20260904122234_0673_D.JPG", "camera": "v2 hasselblad l3d-100c 6144 4096 brown 0.7777", "focal": 0.7856188734892825, "width": 6144, "height": 4096, "capture_time": 1788524554.0, "translation": [476161.99221035844, 4292968.308705813, 266.05056423770185], "rotation": [0.008397689852193252, -3.1320216180306457, -0.017525895577033452]}, "geometry": {"type": "Point", "coordinates": [-93.27446347628721, 38.785128877361586, 266.05056423770185]}}, {"type": "Feature", "properties": {"filename": "DJI_20260904122222_0667_D.JPG", "camera": "v2 hasselblad l3d-100c 6144 4096 brown 0.7777", "focal": 0.7856188734892825, "width": 6144, "height": 4096, "capture_time": 1788524542.0, "translation": [476162.05171873927, 4293022.66579256, 266.0370139591502], "rotation": [0.013603381352344185, -3.1272041030496274, -0.014713126592998524]}, "geometry": {"type": "Point", "coordinates": [-93.27446466910233, 38.78561872251993, 266.0370139591502]}}, {"type": "Feature", "properties": {"filename": "DJI_20260904122236_0674_D.JPG", "camera": "v2 hasselblad l3d-100c 6144 4096 brown 0.7777", "focal": 0.7856188734892825, "width": 6144, "height": 4096, "capture_time": 1788524556.0, "translation": [476161.9997239948, 4292959.000735365, 266.0290944486742], "rotation": [0.008503853007974242, -3.132002268940506, -0.020262994336555745]}, "geometry": {"type": "Point", "coordinates": [-93.27446306820364, 38.78504499798662, 266.0290944486742]}}, {"type": "Feature", "properties": {"filename": "DJI_20260904122316_0694_D.JPG", "camera": "v2 hasselblad l3d-100c 6144 4096 brown 0.7777", "focal": 0.7856188734892825, "width": 6144, "height": 4096, "capture_time": 1788524596.0, "translation": [476182.4201897486, 4292999.092527855, 265.9039448661466], "rotation": [-3.1317464220544875, -0.0059671178096816655, 0.02934004432267784]}, "geometry": {"type": "Point", "coordinates": [-93.27422933996138, 38.78540684057654, 265.9039448661466]}}, {"type": "Feature", "properties": {"filename": "DJI_20260904122318_0695_D.JPG", "camera": "v2 hasselblad l3d-100c 6144 4096 brown 0.7777", "focal": 0.7856188734892825, "width": 6144, "height": 4096, "capture_time": 1788524598.0, "translation": [476182.4404291618, 4293008.375864541, 265.9057175835902], "rotation": [-3.1288695900105026, -0.0049907904706243175, 0.0317366020001513]}, "geometry": {"type": "Point", "coordinates": [-93.27422942738707, 38.785490498708675, 265.9057175835902]}}, {"type": "Feature", "properties": {"filename": "DJI_20260904122312_0692_D.JPG", "camera": "v2 hasselblad l3d-100c 6144 4096 brown 0.7777", "focal": 0.7856188734892825, "width": 6144, "height": 4096, "capture_time": 1788524592.0, "translation": [476182.51412682014, 4292980.890568592, 265.8000649213172], "rotation": [-3.1385840113490193, -0.007712488727951426, 0.024904711295687696]}, "geometry": {"type": "Point", "coordinates": [-93.27422763009272, 38.78524281459289, 265.8000649213172]}}, {"type": "Feature", "properties": {"filename": "DJI_20260904122310_0691_D.JPG", "camera": "v2 hasselblad l3d-100c 6144 4096 brown 0.7777", "focal": 0.7856188734892825, "width": 6144, "height": 4096, "capture_time": 1788524590.0, "translation": [476182.58374570485, 4292971.6761824265, 265.79990111688795], "rotation": [3.1398007705995608, 0.008545162871094277, -0.023181875354691524]}, "geometry": {"type": "Point", "coordinates": [-93.27422651046106, 38.78515978023851, 265.79990111688795]}}, {"type": "Feature", "properties": {"filename": "DJI_20260904122552_0772_D.JPG", "camera": "v2 hasselblad l3d-100c 6144 4096 brown 0.7777", "focal": 0.7856188734892825, "width": 6144, "height": 4096, "capture_time": 1788524752.0, "translation": [476223.65666887205, 4293021.911789794, 265.98764443217743], "rotation": [-3.1324858643509215, -0.01663937554854032, 0.031123535714775104]}, "geometry": {"type": "Point", "coordinates": [-93.27375534539179, 38.78561359147782, 265.98764443217743]}}, {"type": "Feature", "properties": {"filename": "DJI_20260904122308_0690_D.JPG", "camera": "v2 hasselblad l3d-100c 6144 4096 brown 0.7777", "focal": 0.7856188734892825, "width": 6144, "height": 4096, "capture_time": 1788524588.0, "translation": [476182.61585722264, 4292962.636201412, 265.81226283181996], "rotation": [3.1355073549918697, 0.01021113735369613, -0.020427808932001135]}, "geometry": {"type": "Point", "coordinates": [-93.27422582869613, 38.78507831653667, 265.81226283181996]}}, {"type": "Feature", "properties": {"filename": "DJI_20260904122306_0689_D.JPG", "camera": "v2 hasselblad l3d-100c 6144 4096 brown 0.7777", "focal": 0.7856188734892825, "width": 6144, "height": 4096, "capture_time": 1788524586.0, "translation": [476182.56538309134, 4292953.635936852, 265.76675182795884], "rotation": [3.131198531611154, 0.013481668950501194, -0.01781633885893923]}, "geometry": {"type": "Point", "coordinates": [-93.27422609915807, 38.784997208510696, 265.76675182795884]}}, {"type": "Feature", "properties": {"filename": "DJI_20260904122846_0859_D.JPG", "camera": "v2 hasselblad l3d-100c 6144 4096 brown 0.7777", "focal": 0.7856188734892825, "width": 6144, "height": 4096, "capture_time": 1788524926.0, "translation": [476264.6350293106, 4293122.16477271, 266.2980193438072], "rotation": [-3.1307908499015635, -0.02674608312785386, 0.03136584399480096]}, "geometry": {"type": "Point", "coordinates": [-93.27328698380326, 38.786518134100604, 266.2980193438072]}}, {"type": "Feature", "properties": {"filename": "DJI_20260904122322_0697_D.JPG", "camera": "v2 hasselblad l3d-100c 6144 4096 brown 0.7777", "focal": 0.7856188734892825, "width": 6144, "height": 4096, "capture_time": 1788524602.0, "translation": [476182.45666970033, 4293026.508934303, 265.946871883623], "rotation": [-3.1264976802337383, -0.005327614284399319, 0.03317277849825247]}, "geometry": {"type": "Point", "coordinates": [-93.27422986634421, 38.78565390685846, 265.946871883623]}}, {"type": "Feature", "properties": {"filename": "DJI_20260904122450_0741_D.JPG", "camera": "v2 hasselblad l3d-100c 6144 4096 brown 0.7777", "focal": 0.7856188734892825, "width": 6144, "height": 4096, "capture_time": 1788524690.0, "translation": [476203.3575375123, 4293040.4514426775, 266.3816519937045], "rotation": [0.023604539219926873, -3.1269246871141103, -0.018520107157424942]}, "geometry": {"type": "Point", "coordinates": [-93.27398970185686, 38.78578011541952, 266.3816519937045]}}, {"type": "Feature", "properties": {"filename": "DJI_20260904122900_0866_D.JPG", "camera": "v2 hasselblad l3d-100c 6144 4096 brown 0.7777", "focal": 0.7856188734892825, "width": 6144, "height": 4096, "capture_time": 1788524940.0, "translation": [476265.0662312361, 4293184.501400143, 266.0838122886273], "rotation": [-3.130112434029553, -0.029569283678141114, 0.033048041878465]}, "geometry": {"type": "Point", "coordinates": [-93.2732841635303, 38.78707989749345, 266.0838122886273]}}, {"type": "Feature", "properties": {"filename": "DJI_20260904122302_0687_D.JPG", "camera": "v2 hasselblad l3d-100c 6144 4096 brown 0.7777", "focal": 0.7856188734892825, "width": 6144, "height": 4096, "capture_time": 1788524582.0, "translation": [476182.54755165667, 4292935.453747471, 265.7998031902092], "rotation": [3.123898017050316, 0.030120001510012703, -0.015182869869550433]}, "geometry": {"type": "Point", "coordinates": [-93.27422567684377, 38.78483335765377, 265.7998031902092]}}, {"type": "Feature", "properties": {"filename": "DJI_20260904122508_0750_D.JPG", "camera": "v2 hasselblad l3d-100c 6144 4096 brown 0.7777", "focal": 0.7856188734892825, "width": 6144, "height": 4096, "capture_time": 1788524708.0, "translation": [476203.2748030811, 4292958.920745406, 266.34321067201853], "rotation": [0.027727095082360247, -3.1313514565086944, -0.020837712182506858]}, "geometry": {"type": "Point", "coordinates": [-93.27398784251672, 38.78504539229087, 266.34321067201853]}}, {"type": "Feature", "properties": {"filename": "DJI_20260904122510_0751_D.JPG", "camera": "v2 hasselblad l3d-100c 6144 4096 brown 0.7777", "focal": 0.7856188734892825, "width": 6144, "height": 4096, "capture_time": 1788524710.0, "translation": [476203.334694194, 4292949.77590877, 266.25471780900693], "rotation": [0.028000962000806585, -3.131528622908212, -0.021754731422096454]}, "geometry": {"type": "Point", "coordinates": [-93.27398683756736, 38.78496298441938, 266.25471780900693]}}, {"type": "Feature", "properties": {"filename": "DJI_20260904122512_0752_D.JPG", "camera": "v2 hasselblad l3d-100c 6144 4096 brown 0.7777", "focal": 0.7856188734892825, "width": 6144, "height": 4096, "capture_time": 1788524712.0, "translation": [476203.3947126274, 4292940.508563547, 266.27916103102524], "rotation": [0.028326089616207657, -3.1322920491425044, -0.022493623922879704]}, "geometry": {"type": "Point", "coordinates": [-93.27398582692992, 38.78487947255337, 266.27916103102524]}}, {"type": "Feature", "properties": {"filename": "DJI_20260904122506_0749_D.JPG", "camera": "v2 hasselblad l3d-100c 6144 4096 brown 0.7777", "focal": 0.7856188734892825, "width": 6144, "height": 4096, "capture_time": 1788524706.0, "translation": [476203.4748550995, 4292968.001250321, 266.35189491621463], "rotation": [0.02756014486898073, -3.1305814061134107, -0.020762034663043116]}, "geometry": {"type": "Point", "coordinates": [-93.273985852377, 38.785127227447155, 266.35189491621463]}}, {"type": "Feature", "properties": {"filename": "DJI_20260904122514_0753_D.JPG", "camera": "v2 hasselblad l3d-100c 6144 4096 brown 0.7777", "focal": 0.7856188734892825, "width": 6144, "height": 4096, "capture_time": 1788524714.0, "translation": [476203.5113602897, 4292931.433635056, 266.27018993925856], "rotation": [0.028807962222983124, -3.1332153763996264, -0.023600169531120912]}, "geometry": {"type": "Point", "coordinates": [-93.27398417092988, 38.784797696194886, 266.27018993925856]}}, {"type": "Feature", "properties": {"filename": "DJI_20260904122504_0748_D.JPG", "camera": "v2 hasselblad l3d-100c 6144 4096 brown 0.7777", "focal": 0.7856188734892825, "width": 6144, "height": 4096, "capture_time": 1788524704.0, "translation": [476203.5431512469, 4292977.166838443, 266.3908959676701], "rotation": [0.027125196627000022, -3.1297474159906584, -0.020849614638568457]}, "geometry": {"type": "Point", "coordinates": [-93.27398538214973, 38.785209825780406, 266.3908959676701]}}, {"type": "Feature", "properties": {"filename": "DJI_20260904122536_0764_D.JPG", "camera": "v2 hasselblad l3d-100c 6144 4096 brown 0.7777", "focal": 0.7856188734892825, "width": 6144, "height": 4096, "capture_time": 1788524736.0, "translation": [476223.38724644197, 4292949.662962969, 265.95425367309696], "rotation": [3.1296693212563915, 0.02975502856151841, -0.017789326782528782]}, "geometry": {"type": "Point", "coordinates": [-93.27375595775372, 38.7849625076636, 265.95425367309696]}}, {"type": "Feature", "properties": {"filename": "DJI_20260904122934_0883_D.JPG", "camera": "v2 hasselblad l3d-100c 6144 4096 brown 0.7777", "focal": 0.7856188734892825, "width": 6144, "height": 4096, "capture_time": 1788524974.0, "translation": [476285.4698459365, 4293121.698514377, 266.18484956042977], "rotation": [0.03209171223617869, -3.128007854770964, -0.017051763590778004]}, "geometry": {"type": "Point", "coordinates": [-93.27304707999578, 38.78651449311941, 266.18484956042977]}}, {"type": "Feature", "properties": {"filename": "DJI_20260904122534_0763_D.JPG", "camera": "v2 hasselblad l3d-100c 6144 4096 brown 0.7777", "focal": 0.7856188734892825, "width": 6144, "height": 4096, "capture_time": 1788524734.0, "translation": [476223.33143546456, 4292940.750162501, 265.93722685149964], "rotation": [3.126292802740244, 0.03778042010373101, -0.016648098774007504]}, "geometry": {"type": "Point", "coordinates": [-93.27375629320822, 38.78488218768151, 265.93722685149964]}}, {"type": "Feature", "properties": {"filename": "DJI_20260904122532_0762_D.JPG", "camera": "v2 hasselblad l3d-100c 6144 4096 brown 0.7777", "focal": 0.7856188734892825, "width": 6144, "height": 4096, "capture_time": 1788524732.0, "translation": [476223.36376873124, 4292931.683311876, 265.8754943983195], "rotation": [3.122790540483889, 0.051713458540917696, -0.015507769312950918]}, "geometry": {"type": "Point", "coordinates": [-93.27375560850382, 38.78480048183923, 265.8754943983195]}}, {"type": "Feature", "properties": {"filename": "DJI_20260904122300_0686_D.JPG", "camera": "v2 hasselblad l3d-100c 6144 4096 brown 0.7777", "focal": 0.7856188734892825, "width": 6144, "height": 4096, "capture_time": 1788524580.0, "translation": [476182.4602157117, 4292926.3983896915, 265.75365318753626], "rotation": [3.12243441850314, 0.04852978737029044, -0.014531718958167973]}, "geometry": {"type": "Point", "coordinates": [-93.2742263698137, 38.78475175215116, 265.75365318753626]}}, {"type": "Feature", "properties": {"filename": "DJI_20260904122540_0766_D.JPG", "camera": "v2 hasselblad l3d-100c 6144 4096 brown 0.7777", "focal": 0.7856188734892825, "width": 6144, "height": 4096, "capture_time": 1788524740.0, "translation": [476223.4853446285, 4292967.665595682, 265.94446120039555], "rotation": [3.136292908117779, 0.022041108390898904, -0.021943775400157146]}, "geometry": {"type": "Point", "coordinates": [-93.2737554486513, 38.78512474259692, 265.94446120039555]}}, {"type": "Feature", "properties": {"filename": "DJI_20260904122530_0761_D.JPG", "camera": "v2 hasselblad l3d-100c 6144 4096 brown 0.7777", "focal": 0.7856188734892825, "width": 6144, "height": 4096, "capture_time": 1788524730.0, "translation": [476223.38309874525, 4292922.797741096, 265.85335390821893], "rotation": [3.122797072689833, 0.07320331364385826, -0.017110364303152936]}, "geometry": {"type": "Point", "coordinates": [-93.27375507976124, 38.78472040926423, 265.85335390821893]}}, {"type": "Feature", "properties": {"filename": "DJI_20260904122528_0760_D.JPG", "camera": "v2 hasselblad l3d-100c 6144 4096 brown 0.7777", "focal": 0.7856188734892825, "width": 6144, "height": 4096, "capture_time": 1788524728.0, "translation": [476223.87941948866, 4292915.449219379, 265.89500056778957], "rotation": [3.121094653038096, 0.11296081506597981, -0.018102072793832726]}, "geometry": {"type": "Point", "coordinates": [-93.27374911215529, 38.78465420080477, 265.89500056778957]}}, {"type": "Feature", "properties": {"filename": "DJI_20260904122950_0891_D.JPG", "camera": "v2 hasselblad l3d-100c 6144 4096 brown 0.7777", "focal": 0.7856188734892825, "width": 6144, "height": 4096, "capture_time": 1788524990.0, "translation": [476285.2384040551, 4293049.154118069, 266.4988516512146], "rotation": [0.02698792921198751, -3.1274092596228895, -0.028285780995311465]}, "geometry": {"type": "Point", "coordinates": [-93.27304725130305, 38.785860746857914, 266.4988516512146]}}, {"type": "Feature", "properties": {"filename": "DJI_20260904122526_0759_D.JPG", "camera": "v2 hasselblad l3d-100c 6144 4096 brown 0.7777", "focal": 0.7856188734892825, "width": 6144, "height": 4096, "capture_time": 1788524726.0, "translation": [476224.6005309873, 4292909.80491364, 265.82904058749966], "rotation": [3.120959419795212, 0.1252136867082556, -0.018378635768056685]}, "geometry": {"type": "Point", "coordinates": [-93.27374061515803, 38.78460335609811, 265.82904058749966]}}, {"type": "Feature", "properties": {"filename": "DJI_20260904122434_0733_D.JPG", "camera": "v2 hasselblad l3d-100c 6144 4096 brown 0.7777", "focal": 0.7856188734892825, "width": 6144, "height": 4096, "capture_time": 1788524674.0, "translation": [476203.17352328124, 4293111.399776324, 266.47198720010346], "rotation": [0.0209386968184432, -3.1269510109768457, -0.0173678940784366]}, "geometry": {"type": "Point", "coordinates": [-93.27399426757228, 38.78641946739127, 266.47198720010346]}}, {"type": "Feature", "properties": {"filename": "DJI_20260904122502_0747_D.JPG", "camera": "v2 hasselblad l3d-100c 6144 4096 brown 0.7777", "focal": 0.7856188734892825, "width": 6144, "height": 4096, "capture_time": 1788524702.0, "translation": [476203.5141750005, 4292986.058150089, 266.4540087177118], "rotation": [0.026453809845576746, -3.1301370616649895, -0.020975884716408957]}, "geometry": {"type": "Point", "coordinates": [-93.27398602241759, 38.78528994982061, 266.4540087177118]}}, {"type": "Feature", "properties": {"filename": "DJI_20260904122542_0767_D.JPG", "camera": "v2 hasselblad l3d-100c 6144 4096 brown 0.7777", "focal": 0.7856188734892825, "width": 6144, "height": 4096, "capture_time": 1788524742.0, "translation": [476223.45863927394, 4292976.850441688, 265.95598728101214], "rotation": [3.140231495750436, 0.0199040955763662, -0.022901293725263706]}, "geometry": {"type": "Point", "coordinates": [-93.27375607262942, 38.78520751191203, 265.95598728101214]}}, {"type": "Feature", "properties": {"filename": "DJI_20260904122746_0829_D.JPG", "camera": "v2 hasselblad l3d-100c 6144 4096 brown 0.7777", "focal": 0.7856188734892825, "width": 6144, "height": 4096, "capture_time": 1788524866.0, "translation": [476244.2665217794, 4292925.802196306, 266.15666538063806], "rotation": [0.0243179204047289, -3.1325637061016485, -0.02803696919755633]}, "geometry": {"type": "Point", "coordinates": [-93.27351474182187, 38.78474804716953, 266.15666538063806]}}, {"type": "Feature", "properties": {"filename": "DJI_20260904122946_0889_D.JPG", "camera": "v2 hasselblad l3d-100c 6144 4096 brown 0.7777", "focal": 0.7856188734892825, "width": 6144, "height": 4096, "capture_time": 1788524986.0, "translation": [476285.1560175483, 4293067.068905477, 266.54029076550586], "rotation": [0.028817856655222907, -3.1265086790944205, -0.03066115425057148]}, "geometry": {"type": "Point", "coordinates": [-93.27304881563005, 38.786022185288154, 266.54029076550586]}}, {"type": "Feature", "properties": {"filename": "DJI_20260904122744_0828_D.JPG", "camera": "v2 hasselblad l3d-100c 6144 4096 brown 0.7777", "focal": 0.7856188734892825, "width": 6144, "height": 4096, "capture_time": 1788524864.0, "translation": [476244.3806756809, 4292934.95359124, 266.2282388996249], "rotation": [0.02374767748354747, -3.1324132780925362, -0.02770899181331156]}, "geometry": {"type": "Point", "coordinates": [-93.27351374257805, 38.784830518840785, 266.2282388996249]}}, {"type": "Feature", "properties": {"filename": "DJI_20260904122742_0827_D.JPG", "camera": "v2 hasselblad l3d-100c 6144 4096 brown 0.7777", "focal": 0.7856188734892825, "width": 6144, "height": 4096, "capture_time": 1788524862.0, "translation": [476244.2581008501, 4292944.007473194, 266.22871580181146], "rotation": [0.023623554159473578, -3.1315195196138723, -0.02760115551482314]}, "geometry": {"type": "Point", "coordinates": [-93.2735154655598, 38.78491210538501, 266.22871580181146]}}, {"type": "Feature", "properties": {"filename": "DJI_20260904122738_0825_D.JPG", "camera": "v2 hasselblad l3d-100c 6144 4096 brown 0.7777", "focal": 0.7856188734892825, "width": 6144, "height": 4096, "capture_time": 1788524858.0, "translation": [476244.28141814674, 4292961.954350598, 266.3428275502663], "rotation": [0.02304927940507777, -3.1309945007650937, -0.028778293776052493]}, "geometry": {"type": "Point", "coordinates": [-93.27351581498681, 38.785073835861695, 266.3428275502663]}}, {"type": "Feature", "properties": {"filename": "DJI_20260904122750_0831_D.JPG", "camera": "v2 hasselblad l3d-100c 6144 4096 brown 0.7777", "focal": 0.7856188734892825, "width": 6144, "height": 4096, "capture_time": 1788524870.0, "translation": [476243.79806581256, 4292909.225779255, 266.13262681929416], "rotation": [0.8253574718429518, -3.016256023372835, -0.03461821957883937]}, "geometry": {"type": "Point", "coordinates": [-93.27351956468311, 38.784598654712184, 266.13262681929416]}}, {"type": "Feature", "properties": {"filename": "DJI_20260904122438_0735_D.JPG", "camera": "v2 hasselblad l3d-100c 6144 4096 brown 0.7777", "focal": 0.7856188734892825, "width": 6144, "height": 4096, "capture_time": 1788524678.0, "translation": [476203.0344030518, 4293093.8768530935, 266.4281929341238], "rotation": [0.021016656410077886, -3.126984504359947, -0.017573198004634714]}, "geometry": {"type": "Point", "coordinates": [-93.27399526498841, 38.78626155433012, 266.4281929341238]}}, {"type": "Feature", "properties": {"filename": "DJI_20260904122612_0782_D.JPG", "camera": "v2 hasselblad l3d-100c 6144 4096 brown 0.7777", "focal": 0.7856188734892825, "width": 6144, "height": 4096, "capture_time": 1788524772.0, "translation": [476223.6277631643, 4293111.40379662, 266.081883794486], "rotation": [-3.129570183225818, -0.015605167532689718, 0.0338436766091778]}, "geometry": {"type": "Point", "coordinates": [-93.27375876215017, 38.786420055551744, 266.081883794486]}}, {"type": "Feature", "properties": {"filename": "DJI_20260904122736_0824_D.JPG", "camera": "v2 hasselblad l3d-100c 6144 4096 brown 0.7777", "focal": 0.7856188734892825, "width": 6144, "height": 4096, "capture_time": 1788524856.0, "translation": [476244.3345785562, 4292971.048509658, 266.44057426398183], "rotation": [0.023201254107021216, -3.130759061035355, -0.028269655217492206]}, "geometry": {"type": "Point", "coordinates": [-93.2735155160244, 38.785155790098706, 266.44057426398183]}}, {"type": "Feature", "properties": {"filename": "DJI_20260904122754_0833_D.JPG", "camera": "v2 hasselblad l3d-100c 6144 4096 brown 0.7777", "focal": 0.7856188734892825, "width": 6144, "height": 4096, "capture_time": 1788524874.0, "translation": [476255.2331946165, 4292903.785830468, 265.78237931985007], "rotation": [2.798015327748922, -1.358865771037203, -0.03013825940765853]}, "geometry": {"type": "Point", "coordinates": [-93.27338771930077, 38.78454994020976, 265.78237931985007]}}, {"type": "Feature", "properties": {"filename": "DJI_20260904122756_0834_D.JPG", "camera": "v2 hasselblad l3d-100c 6144 4096 brown 0.7777", "focal": 0.7856188734892825, "width": 6144, "height": 4096, "capture_time": 1788524876.0, "translation": [476264.2961430162, 4292907.217418005, 265.79737087715364], "rotation": [3.107331437330618, -0.2337796520744236, -0.02090189529353464]}, "geometry": {"type": "Point", "coordinates": [-93.27328349129643, 38.784581108321575, 265.79737087715364]}}, {"type": "Feature", "properties": {"filename": "DJI_20260904122804_0838_D.JPG", "camera": "v2 hasselblad l3d-100c 6144 4096 brown 0.7777", "focal": 0.7856188734892825, "width": 6144, "height": 4096, "capture_time": 1788524884.0, "translation": [476264.82007551397, 4292935.816524752, 265.87748220102145], "rotation": [3.1212539092030065, 0.04448278931953607, -0.0184810451640389]}, "geometry": {"type": "Point", "coordinates": [-93.27327844278012, 38.78483884578608, 265.87748220102145]}}, {"type": "Feature", "properties": {"filename": "DJI_20260904122806_0839_D.JPG", "camera": "v2 hasselblad l3d-100c 6144 4096 brown 0.7777", "focal": 0.7856188734892825, "width": 6144, "height": 4096, "capture_time": 1788524886.0, "translation": [476264.71962440776, 4292944.769194352, 265.9431045849299], "rotation": [3.1249085662453817, 0.03590089656438964, -0.019997104840025925]}, "geometry": {"type": "Point", "coordinates": [-93.27327990729007, 38.78491952084632, 265.9431045849299]}}, {"type": "Feature", "properties": {"filename": "DJI_20260904122812_0842_D.JPG", "camera": "v2 hasselblad l3d-100c 6144 4096 brown 0.7777", "focal": 0.7856188734892825, "width": 6144, "height": 4096, "capture_time": 1788524892.0, "translation": [476264.730497876, 4292971.431417555, 266.0617148405134], "rotation": [3.137095454769371, 0.02782061443795389, -0.02727725493889885]}, "geometry": {"type": "Point", "coordinates": [-93.27328069926138, 38.78515979008773, 266.0617148405134]}}, {"type": "Feature", "properties": {"filename": "DJI_20260904122548_0770_D.JPG", "camera": "v2 hasselblad l3d-100c 6144 4096 brown 0.7777", "focal": 0.7856188734892825, "width": 6144, "height": 4096, "capture_time": 1788524748.0, "translation": [476223.6818122465, 4293003.953425129, 265.96617841276446], "rotation": [-3.1346585661302657, -0.01782432425356865, 0.02968065137638851]}, "geometry": {"type": "Point", "coordinates": [-93.2737544370601, 38.78545175880737, 265.96617841276446]}}, {"type": "Feature", "properties": {"filename": "DJI_20260904122500_0746_D.JPG", "camera": "v2 hasselblad l3d-100c 6144 4096 brown 0.7777", "focal": 0.7856188734892825, "width": 6144, "height": 4096, "capture_time": 1788524700.0, "translation": [476203.39213551825, 4292995.2548297485, 266.3764073692448], "rotation": [0.025453001199729552, -3.1294221867435947, -0.01979671498897847]}, "geometry": {"type": "Point", "coordinates": [-93.27398774471284, 38.785372823197704, 266.3764073692448]}}, {"type": "Feature", "properties": {"filename": "DJI_20260904122546_0769_D.JPG", "camera": "v2 hasselblad l3d-100c 6144 4096 brown 0.7777", "focal": 0.7856188734892825, "width": 6144, "height": 4096, "capture_time": 1788524746.0, "translation": [476223.53799289203, 4292994.933205434, 265.93532653084714], "rotation": [-3.136281582839255, -0.01818504719227079, 0.028091453235948687]}, "geometry": {"type": "Point", "coordinates": [-93.27375578210773, 38.78537046844069, 265.93532653084714]}}, {"type": "Feature", "properties": {"filename": "DJI_20260904122456_0744_D.JPG", "camera": "v2 hasselblad l3d-100c 6144 4096 brown 0.7777", "focal": 0.7856188734892825, "width": 6144, "height": 4096, "capture_time": 1788524696.0, "translation": [476203.5209784793, 4293013.340770398, 266.38601136264367], "rotation": [0.02405542951678616, -3.1283741752211136, -0.018894681196017532]}, "geometry": {"type": "Point", "coordinates": [-93.27398688502738, 38.78553580968526, 266.38601136264367]}}, {"type": "Feature", "properties": {"filename": "DJI_20260904122714_0813_D.JPG", "camera": "v2 hasselblad l3d-100c 6144 4096 brown 0.7777", "focal": 0.7856188734892825, "width": 6144, "height": 4096, "capture_time": 1788524834.0, "translation": [476244.14238989295, 4293069.655977069, 266.5294179747892], "rotation": [0.02423293843556515, -3.1253411767823334, -0.024503882511024856]}, "geometry": {"type": "Point", "coordinates": [-93.27352112387321, 38.78604439460513, 266.5294179747892]}}, {"type": "Feature", "properties": {"filename": "DJI_20260904122518_0755_D.JPG", "camera": "v2 hasselblad l3d-100c 6144 4096 brown 0.7777", "focal": 0.7856188734892825, "width": 6144, "height": 4096, "capture_time": 1788524718.0, "translation": [476203.09578075144, 4292913.606013534, 266.16957532758454], "rotation": [0.0327621729765218, -3.1341329270438196, -0.028476521889740685]}, "geometry": {"type": "Point", "coordinates": [-93.27398834087026, 38.78463702981205, 266.16957532758454]}}, {"type": "Feature", "properties": {"filename": "DJI_20260904122730_0821_D.JPG", "camera": "v2 hasselblad l3d-100c 6144 4096 brown 0.7777", "focal": 0.7856188734892825, "width": 6144, "height": 4096, "capture_time": 1788524850.0, "translation": [476244.35330815334, 4292998.243683273, 266.4592408948253], "rotation": [0.02296791939692411, -3.1296834378955785, -0.02499599788533161]}, "geometry": {"type": "Point", "coordinates": [-93.27351623669057, 38.78540086226632, 266.4592408948253]}}, {"type": "Feature", "properties": {"filename": "DJI_20260904122520_0756_D.JPG", "camera": "v2 hasselblad l3d-100c 6144 4096 brown 0.7777", "focal": 0.7856188734892825, "width": 6144, "height": 4096, "capture_time": 1788524720.0, "translation": [476203.6981736628, 4292907.351661165, 265.953666993515], "rotation": [1.3635963576006187, -2.809915583381434, -0.03375803035120401]}, "geometry": {"type": "Point", "coordinates": [-93.27398118953094, 38.78458068443021, 265.953666993515]}}, {"type": "Feature", "properties": {"filename": "DJI_20260904123022_0907_D.JPG", "camera": "v2 hasselblad l3d-100c 6144 4096 brown 0.7777", "focal": 0.7856188734892825, "width": 6144, "height": 4096, "capture_time": 1788525022.0, "translation": [476284.8044483885, 4292908.654654846, 265.59288910677935], "rotation": [0.017458149008348398, -3.1356016866986542, -0.027450820957199598]}, "geometry": {"type": "Point", "coordinates": [-93.27304741868426, 38.784594612039385, 265.59288910677935]}}, {"type": "Feature", "properties": {"filename": "DJI_20260904123016_0904_D.JPG", "camera": "v2 hasselblad l3d-100c 6144 4096 brown 0.7777", "focal": 0.7856188734892825, "width": 6144, "height": 4096, "capture_time": 1788525016.0, "translation": [476284.6818730687, 4292933.1760474555, 265.89630460977025], "rotation": [0.01936701794369445, -3.1354059463179604, -0.021338827596046134]}, "geometry": {"type": "Point", "coordinates": [-93.27304967275043, 38.784815585426074, 265.89630460977025]}}, {"type": "Feature", "properties": {"filename": "DJI_20260904123024_0908_D.JPG", "camera": "v2 hasselblad l3d-100c 6144 4096 brown 0.7777", "focal": 0.7856188734892825, "width": 6144, "height": 4096, "capture_time": 1788525024.0, "translation": [476284.7605910482, 4292907.101524265, 265.5334124971811], "rotation": [0.017231934806204496, -3.1356215634892477, -0.027164475277842996]}, "geometry": {"type": "Point", "coordinates": [-93.27304787025466, 38.784580614686604, 265.5334124971811]}}, {"type": "Feature", "properties": {"filename": "DJI_20260904122954_0893_D.JPG", "camera": "v2 hasselblad l3d-100c 6144 4096 brown 0.7777", "focal": 0.7856188734892825, "width": 6144, "height": 4096, "capture_time": 1788524994.0, "translation": [476285.09871916025, 4293031.275311987, 266.51730677739346], "rotation": [0.025557072700901982, -3.12873552943261, -0.02511176839066714]}, "geometry": {"type": "Point", "coordinates": [-93.27304824507708, 38.78569962669792, 266.51730677739346]}}, {"type": "Feature", "properties": {"filename": "DJI_20260904122254_0683_D.JPG", "camera": "v2 hasselblad l3d-100c 6144 4096 brown 0.7777", "focal": 0.7856188734892825, "width": 6144, "height": 4096, "capture_time": 1788524574.0, "translation": [476180.4236161906, 4292905.901422132, 265.86675405279516], "rotation": [3.0673632904629717, -0.5482856205710971, -0.021878842315797082]}, "geometry": {"type": "Point", "coordinates": [-93.2742491106462, 38.78456698691851, 265.86675405279516]}}, {"type": "Feature", "properties": {"filename": "DJI_20260904123026_0909_D.JPG", "camera": "v2 hasselblad l3d-100c 6144 4096 brown 0.7777", "focal": 0.7856188734892825, "width": 6144, "height": 4096, "capture_time": 1788525026.0, "translation": [476284.7925783988, 4292906.809596632, 265.46258993825074], "rotation": [0.01786960841245287, -3.1350926597037096, -0.027014157357388068]}, "geometry": {"type": "Point", "coordinates": [-93.27304749193546, 38.78457798481552, 265.46258993825074]}}, {"type": "Feature", "properties": {"filename": "DJI_20260904123030_0911_D.JPG", "camera": "v2 hasselblad l3d-100c 6144 4096 brown 0.7777", "focal": 0.7856188734892825, "width": 6144, "height": 4096, "capture_time": 1788525030.0, "translation": [476284.88644426945, 4292906.791288996, 265.30023844634775], "rotation": [0.01943698429919194, -3.1348905384538375, -0.02680792853831109]}, "geometry": {"type": "Point", "coordinates": [-93.27304641058325, 38.78457782235973, 265.30023844634775]}}, {"type": "Feature", "properties": {"filename": "DJI_20260904122838_0855_D.JPG", "camera": "v2 hasselblad l3d-100c 6144 4096 brown 0.7777", "focal": 0.7856188734892825, "width": 6144, "height": 4096, "capture_time": 1788524918.0, "translation": [476264.99939100747, 4293086.6864814265, 266.24569586753216], "rotation": [-3.1309728333896762, -0.026796974877979586, 0.03362795668699692]}, "geometry": {"type": "Point", "coordinates": [-93.27328156812135, 38.78619842826891, 266.24569586753216]}}, {"type": "Feature", "properties": {"filename": "DJI_20260904123032_0912_D.JPG", "camera": "v2 hasselblad l3d-100c 6144 4096 brown 0.7777", "focal": 0.7856188734892825, "width": 6144, "height": 4096, "capture_time": 1788525032.0, "translation": [476284.9311914506, 4292906.636106677, 265.2327953951665], "rotation": [0.019689322645937216, -3.1346754432971817, -0.027646616431298374]}, "geometry": {"type": "Point", "coordinates": [-93.2730458900539, 38.78457642512433, 265.2327953951665]}}, {"type": "Feature", "properties": {"filename": "DJI_20260904123034_0913_D.JPG", "camera": "v2 hasselblad l3d-100c 6144 4096 brown 0.7777", "focal": 0.7856188734892825, "width": 6144, "height": 4096, "capture_time": 1788525034.0, "translation": [476284.92986765655, 4292906.644524686, 265.1576371063148], "rotation": [0.01940792244786378, -3.134422829878652, -0.028700459005049923]}, "geometry": {"type": "Point", "coordinates": [-93.27304590558468, 38.78457650094835, 265.1576371063148]}}, {"type": "Feature", "properties": {"filename": "DJI_20260904123036_0914_D.JPG", "camera": "v2 hasselblad l3d-100c 6144 4096 brown 0.7777", "focal": 0.7856188734892825, "width": 6144, "height": 4096, "capture_time": 1788525036.0, "translation": [476284.99794466526, 4292906.707809626, 265.10489908392447], "rotation": [0.01894500104393888, -3.1346839833804405, -0.02892979873543259]}, "geometry": {"type": "Point", "coordinates": [-93.27304512395636, 38.78457707307748, 265.10489908392447]}}, {"type": "Feature", "properties": {"filename": "DJI_20260904123038_0915_D.JPG", "camera": "v2 hasselblad l3d-100c 6144 4096 brown 0.7777", "focal": 0.7856188734892825, "width": 6144, "height": 4096, "capture_time": 1788525038.0, "translation": [476285.00701958867, 4292906.736662806, 265.08527671449826], "rotation": [0.018776706095902464, -3.1346610365195136, -0.029089668618977372]}, "geometry": {"type": "Point", "coordinates": [-93.27304502046405, 38.784577333334575, 265.08527671449826]}}, {"type": "Feature", "properties": {"filename": "DJI_20260904123040_0916_D.JPG", "camera": "v2 hasselblad l3d-100c 6144 4096 brown 0.7777", "focal": 0.7856188734892825, "width": 6144, "height": 4096, "capture_time": 1788525040.0, "translation": [476284.9428499066, 4292906.882989773, 265.05684839378057], "rotation": [0.019074113719113234, -3.1340301258958143, -0.029228407681914616]}, "geometry": {"type": "Point", "coordinates": [-93.27304576430966, 38.7845786502467, 265.05684839378057]}}, {"type": "Feature", "properties": {"filename": "DJI_20260904122826_0849_D.JPG", "camera": "v2 hasselblad l3d-100c 6144 4096 brown 0.7777", "focal": 0.7856188734892825, "width": 6144, "height": 4096, "capture_time": 1788524906.0, "translation": [476264.5065289362, 4293033.570136909, 266.0958063881685], "rotation": [-3.132436322388495, -0.02627670600612035, 0.029969118867137594]}, "geometry": {"type": "Point", "coordinates": [-93.27328541553932, 38.78571975250524, 266.0958063881685]}}, {"type": "Feature", "properties": {"filename": "DJI_20260904123042_0917_D.JPG", "camera": "v2 hasselblad l3d-100c 6144 4096 brown 0.7777", "focal": 0.7856188734892825, "width": 6144, "height": 4096, "capture_time": 1788525042.0, "translation": [476285.0141411154, 4292906.883611545, 265.0578794220352], "rotation": [0.019190384403439117, -3.1332972487148436, -0.02834514266392559]}, "geometry": {"type": "Point", "coordinates": [-93.27304494352099, 38.78457865776765, 265.0578794220352]}}, {"type": "Feature", "properties": {"filename": "DJI_20260904122706_0809_D.JPG", "camera": "v2 hasselblad l3d-100c 6144 4096 brown 0.7777", "focal": 0.7856188734892825, "width": 6144, "height": 4096, "capture_time": 1788524826.0, "translation": [476244.1727565522, 4293105.554977445, 266.37920943509835], "rotation": [0.02389807053720374, -3.12868174446161, -0.019265932779571386]}, "geometry": {"type": "Point", "coordinates": [-93.27352201028383, 38.786367902323555, 266.37920943509835]}}, {"type": "Feature", "properties": {"filename": "DJI_20260904123044_0918_D.JPG", "camera": "v2 hasselblad l3d-100c 6144 4096 brown 0.7777", "focal": 0.7856188734892825, "width": 6144, "height": 4096, "capture_time": 1788525044.0, "translation": [476284.93879915314, 4292906.862943757, 265.0386335699189], "rotation": [0.019222476770630794, -3.133468637374631, -0.027808720156327457]}, "geometry": {"type": "Point", "coordinates": [-93.27304581025896, 38.7845784694913, 265.0386335699189]}}, {"type": "Feature", "properties": {"filename": "DJI_20260904123048_0920_D.JPG", "camera": "v2 hasselblad l3d-100c 6144 4096 brown 0.7777", "focal": 0.7856188734892825, "width": 6144, "height": 4096, "capture_time": 1788525048.0, "translation": [476285.0130640051, 4292906.924157027, 264.9882633439736], "rotation": [0.018269395187594233, -3.1333404508790923, -0.02709187219152715]}, "geometry": {"type": "Point", "coordinates": [-93.27304495731579, 38.784579023117864, 264.9882633439736]}}, {"type": "Feature", "properties": {"filename": "DJI_20260904122824_0848_D.JPG", "camera": "v2 hasselblad l3d-100c 6144 4096 brown 0.7777", "focal": 0.7856188734892825, "width": 6144, "height": 4096, "capture_time": 1788524904.0, "translation": [476264.6143389648, 4293024.735588079, 266.0881426947739], "rotation": [-3.132718785726974, -0.026491345576140857, 0.02970067781933244]}, "geometry": {"type": "Point", "coordinates": [-93.27328387033678, 38.78564014210986, 266.0881426947739]}}, {"type": "Feature", "properties": {"filename": "DJI_20260904123046_0919_D.JPG", "camera": "v2 hasselblad l3d-100c 6144 4096 brown 0.7777", "focal": 0.7856188734892825, "width": 6144, "height": 4096, "capture_time": 1788525046.0, "translation": [476284.9960030442, 4292906.8432293935, 264.9971944171289], "rotation": [0.018880778363922095, -3.1334587804563974, -0.027807747884680677]}, "geometry": {"type": "Point", "coordinates": [-93.27304515096544, 38.784578293372405, 264.9971944171289]}}, {"type": "Feature", "properties": {"filename": "DJI_20260904122328_0700_D.JPG", "camera": "v2 hasselblad l3d-100c 6144 4096 brown 0.7777", "focal": 0.7856188734892825, "width": 6144, "height": 4096, "capture_time": 1788524608.0, "translation": [476182.27792966046, 4293053.5828320505, 265.9777442328869], "rotation": [-3.1267762321696213, -0.005928636184634187, 0.03583782204876202]}, "geometry": {"type": "Point", "coordinates": [-93.27423285888926, 38.78589788076868, 265.9777442328869]}}, {"type": "Feature", "properties": {"filename": "DJI_20260904122428_0730_D.JPG", "camera": "v2 hasselblad l3d-100c 6144 4096 brown 0.7777", "focal": 0.7856188734892825, "width": 6144, "height": 4096, "capture_time": 1788524668.0, "translation": [476203.1121344305, 4293137.932451963, 266.4779037621758], "rotation": [0.019325121887114712, -3.129880164144688, -0.008935692774577179]}, "geometry": {"type": "Point", "coordinates": [-93.2739958895344, 38.786658567177746, 266.4779037621758]}}, {"type": "Feature", "properties": {"filename": "DJI_20260904123050_0921_D.JPG", "camera": "v2 hasselblad l3d-100c 6144 4096 brown 0.7777", "focal": 0.7856188734892825, "width": 6144, "height": 4096, "capture_time": 1788525050.0, "translation": [476285.00307143177, 4292906.8479836695, 264.977855652712], "rotation": [0.017804978431339113, -3.1325892257204524, -0.026708125944207038]}, "geometry": {"type": "Point", "coordinates": [-93.27304506974708, 38.784578336406135, 264.977855652712]}}, {"type": "Feature", "properties": {"filename": "DJI_20260904123018_0905_D.JPG", "camera": "v2 hasselblad l3d-100c 6144 4096 brown 0.7777", "focal": 0.7856188734892825, "width": 6144, "height": 4096, "capture_time": 1788525018.0, "translation": [476284.8368366396, 4292924.095699509, 265.8120443738139], "rotation": [0.01891091670131966, -3.1357146520367207, -0.024245126462584157]}, "geometry": {"type": "Point", "coordinates": [-93.27304757648484, 38.784733761242386, 265.8120443738139]}}, {"type": "Feature", "properties": {"filename": "DJI_20260904122426_0729_D.JPG", "camera": "v2 hasselblad l3d-100c 6144 4096 brown 0.7777", "focal": 0.7856188734892825, "width": 6144, "height": 4096, "capture_time": 1788524666.0, "translation": [476203.2357263399, 4293146.887336543, 266.31750602117927], "rotation": [0.01716840412841896, -3.131872047267159, -0.0038331354084362246]}, "geometry": {"type": "Point", "coordinates": [-93.27399477538577, 38.78673926820941, 266.31750602117927]}}, {"type": "Feature", "properties": {"filename": "DJI_20260904123008_0900_D.JPG", "camera": "v2 hasselblad l3d-100c 6144 4096 brown 0.7777", "focal": 0.7856188734892825, "width": 6144, "height": 4096, "capture_time": 1788525008.0, "translation": [476284.93406544195, 4292968.740079436, 266.16217301892306], "rotation": [0.019121095915743628, -3.134183187571728, -0.022056456575536114]}, "geometry": {"type": "Point", "coordinates": [-93.27304799146319, 38.78513608059455, 266.16217301892306]}}, {"type": "Feature", "properties": {"filename": "DJI_20260904122324_0698_D.JPG", "camera": "v2 hasselblad l3d-100c 6144 4096 brown 0.7777", "focal": 0.7856188734892825, "width": 6144, "height": 4096, "capture_time": 1788524604.0, "translation": [476182.3844313857, 4293035.586537982, 265.977141592971], "rotation": [-3.1261989129990404, -0.005733158393839745, 0.03554677187376077]}, "geometry": {"type": "Point", "coordinates": [-93.27423101142843, 38.785735708507914, 265.977141592971]}}, {"type": "Feature", "properties": {"filename": "DJI_20260904122936_0884_D.JPG", "camera": "v2 hasselblad l3d-100c 6144 4096 brown 0.7777", "focal": 0.7856188734892825, "width": 6144, "height": 4096, "capture_time": 1788524976.0, "translation": [476285.5621485945, 4293112.694202071, 266.208321998019], "rotation": [0.03252868539554066, -3.127214266825683, -0.020213700534922965]}, "geometry": {"type": "Point", "coordinates": [-93.27304570774929, 38.786433352475626, 266.208321998019]}}, {"type": "Feature", "properties": {"filename": "DJI_20260904122550_0771_D.JPG", "camera": "v2 hasselblad l3d-100c 6144 4096 brown 0.7777", "focal": 0.7856188734892825, "width": 6144, "height": 4096, "capture_time": 1788524750.0, "translation": [476223.68327220425, 4293012.864645366, 265.98182478605145], "rotation": [-3.133717554995792, -0.01726124208095237, 0.030528900071627806]}, "geometry": {"type": "Point", "coordinates": [-93.27375472732797, 38.78553206307533, 265.98182478605145]}}, {"type": "Feature", "properties": {"filename": "DJI_20260904122522_0757_D.JPG", "camera": "v2 hasselblad l3d-100c 6144 4096 brown 0.7777", "focal": 0.7856188734892825, "width": 6144, "height": 4096, "capture_time": 1788524722.0, "translation": [476208.33335064695, 4292904.751436896, 265.9051666184421], "rotation": [2.4659603703094013, -1.9036673167275286, -0.02920109812743135]}, "geometry": {"type": "Point", "coordinates": [-93.27392773285067, 38.78455737738683, 265.9051666184421]}}, {"type": "Feature", "properties": {"filename": "DJI_20260904122728_0820_D.JPG", "camera": "v2 hasselblad l3d-100c 6144 4096 brown 0.7777", "focal": 0.7856188734892825, "width": 6144, "height": 4096, "capture_time": 1788524848.0, "translation": [476244.4479110214, 4293007.251164742, 266.521370615777], "rotation": [0.022962144505714405, -3.1293626036587727, -0.024122957980867665]}, "geometry": {"type": "Point", "coordinates": [-93.27351545759224, 38.785482036512924, 266.521370615777]}}, {"type": "Feature", "properties": {"filename": "DJI_20260904122240_0676_D.JPG", "camera": "v2 hasselblad l3d-100c 6144 4096 brown 0.7777", "focal": 0.7856188734892825, "width": 6144, "height": 4096, "capture_time": 1788524560.0, "translation": [476161.856057683, 4292940.930817428, 265.9936200396088], "rotation": [0.007609126081663795, -3.132584318971738, -0.02025037269718396]}, "geometry": {"type": "Point", "coordinates": [-93.27446409802836, 38.784882155475046, 265.9936200396088]}}, {"type": "Feature", "properties": {"filename": "DJI_20260904122818_0845_D.JPG", "camera": "v2 hasselblad l3d-100c 6144 4096 brown 0.7777", "focal": 0.7856188734892825, "width": 6144, "height": 4096, "capture_time": 1788524898.0, "translation": [476264.59072012716, 4292998.212006134, 266.0573635877707], "rotation": [-3.1352086206252725, -0.027270704550096482, 0.03011246651182421]}, "geometry": {"type": "Point", "coordinates": [-93.2732832298545, 38.78540112192285, 266.0573635877707]}}, {"type": "Feature", "properties": {"filename": "DJI_20260904122206_0659_D.JPG", "camera": "v2 hasselblad l3d-100c 6144 4096 brown 0.7777", "focal": 0.7856188734892825, "width": 6144, "height": 4096, "capture_time": 1788524526.0, "translation": [476162.34623965033, 4293093.945195284, 265.9504665863663], "rotation": [0.01513625127895056, -3.120835330215754, -0.017001171501165476]}, "geometry": {"type": "Point", "coordinates": [-93.27446374074479, 38.786261070872726, 265.9504665863663]}}, {"type": "Feature", "properties": {"filename": "DJI_20260904123004_0898_D.JPG", "camera": "v2 hasselblad l3d-100c 6144 4096 brown 0.7777", "focal": 0.7856188734892825, "width": 6144, "height": 4096, "capture_time": 1788525004.0, "translation": [476285.0467529854, 4292986.555413731, 266.3485720687458], "rotation": [0.020218432506465503, -3.132315906623098, -0.02178726007966036]}, "geometry": {"type": "Point", "coordinates": [-93.27304730634398, 38.78529662806228, 266.3485720687458]}}, {"type": "Feature", "properties": {"filename": "DJI_20260904122726_0819_D.JPG", "camera": "v2 hasselblad l3d-100c 6144 4096 brown 0.7777", "focal": 0.7856188734892825, "width": 6144, "height": 4096, "capture_time": 1788524846.0, "translation": [476244.5409291366, 4293016.16041805, 266.5287121710537], "rotation": [0.02286497201498686, -3.1288337977955947, -0.02507600321747443]}, "geometry": {"type": "Point", "coordinates": [-93.27351469335701, 38.78556232552416, 266.5287121710537]}}, {"type": "Feature", "properties": {"filename": "DJI_20260904122722_0817_D.JPG", "camera": "v2 hasselblad l3d-100c 6144 4096 brown 0.7777", "focal": 0.7856188734892825, "width": 6144, "height": 4096, "capture_time": 1788524842.0, "translation": [476244.5387031628, 4293034.073983017, 266.52772951641145], "rotation": [0.023285211381917633, -3.1278143066993804, -0.024634442938801956]}, "geometry": {"type": "Point", "coordinates": [-93.27351533574391, 38.7857237550966, 266.52772951641145]}}, {"type": "Feature", "properties": {"filename": "DJI_20260904122554_0773_D.JPG", "camera": "v2 hasselblad l3d-100c 6144 4096 brown 0.7777", "focal": 0.7856188734892825, "width": 6144, "height": 4096, "capture_time": 1788524754.0, "translation": [476223.77080655383, 4293030.890113316, 265.9535472535951], "rotation": [-3.131620084935328, -0.016263661661752412, 0.03174890613536109]}, "geometry": {"type": "Point", "coordinates": [-93.27375434064172, 38.78569450348961, 265.9535472535951]}}, {"type": "Feature", "properties": {"filename": "DJI_20260904122212_0662_D.JPG", "camera": "v2 hasselblad l3d-100c 6144 4096 brown 0.7777", "focal": 0.7856188734892825, "width": 6144, "height": 4096, "capture_time": 1788524532.0, "translation": [476162.5416753469, 4293066.9315549135, 266.1238390476132], "rotation": [0.015421431744445288, -3.1253457207394724, -0.01948026485267229]}, "geometry": {"type": "Point", "coordinates": [-93.27446055724323, 38.78601764045245, 266.1238390476132]}}, {"type": "Feature", "properties": {"filename": "DJI_20260904122822_0847_D.JPG", "camera": "v2 hasselblad l3d-100c 6144 4096 brown 0.7777", "focal": 0.7856188734892825, "width": 6144, "height": 4096, "capture_time": 1788524902.0, "translation": [476264.5915594991, 4293015.901568084, 266.09500601194924], "rotation": [-3.1334263086809306, -0.026821828811275778, 0.02984350595995341]}, "geometry": {"type": "Point", "coordinates": [-93.27328382871677, 38.78556053296292, 266.09500601194924]}}, {"type": "Feature", "properties": {"filename": "DJI_20260904122828_0850_D.JPG", "camera": "v2 hasselblad l3d-100c 6144 4096 brown 0.7777", "focal": 0.7856188734892825, "width": 6144, "height": 4096, "capture_time": 1788524908.0, "translation": [476264.58546313236, 4293042.296918463, 266.09970078849364], "rotation": [-3.1324786181249817, -0.026353492634388746, 0.02989619315101322]}, "geometry": {"type": "Point", "coordinates": [-93.27328480692564, 38.78579839677353, 266.09970078849364]}}, {"type": "Feature", "properties": {"filename": "DJI_20260904122556_0774_D.JPG", "camera": "v2 hasselblad l3d-100c 6144 4096 brown 0.7777", "focal": 0.7856188734892825, "width": 6144, "height": 4096, "capture_time": 1788524756.0, "translation": [476223.674881224, 4293039.935478077, 265.97689339037476], "rotation": [-3.131008166225903, -0.01583210304395256, 0.029844642587540323]}, "geometry": {"type": "Point", "coordinates": [-93.27375575679713, 38.785776013982485, 265.97689339037476]}}, {"type": "Feature", "properties": {"filename": "DJI_20260904123002_0897_D.JPG", "camera": "v2 hasselblad l3d-100c 6144 4096 brown 0.7777", "focal": 0.7856188734892825, "width": 6144, "height": 4096, "capture_time": 1788525002.0, "translation": [476284.99950136064, 4292995.454897487, 266.3296896705537], "rotation": [0.020458148174429508, -3.1322029670255396, -0.02374109852627764]}, "geometry": {"type": "Point", "coordinates": [-93.27304815625978, 38.785376825262276, 266.3296896705537]}}, {"type": "Feature", "properties": {"filename": "DJI_20260904122216_0664_D.JPG", "camera": "v2 hasselblad l3d-100c 6144 4096 brown 0.7777", "focal": 0.7856188734892825, "width": 6144, "height": 4096, "capture_time": 1788524536.0, "translation": [476162.47119101224, 4293048.924323063, 266.2201841848687], "rotation": [0.01552392186123435, -3.1287153295489682, -0.020365681367639575]}, "geometry": {"type": "Point", "coordinates": [-93.27446074664591, 38.78585536484788, 266.2201841848687]}}, {"type": "Feature", "properties": {"filename": "DJI_20260904122326_0699_D.JPG", "camera": "v2 hasselblad l3d-100c 6144 4096 brown 0.7777", "focal": 0.7856188734892825, "width": 6144, "height": 4096, "capture_time": 1788524606.0, "translation": [476182.29464148445, 4293044.626777477, 265.96461780561526], "rotation": [-3.1263490868598147, -0.0056983145086617415, 0.03551541110368478]}, "geometry": {"type": "Point", "coordinates": [-93.27423235730937, 38.78581717297144, 265.96461780561526]}}, {"type": "Feature", "properties": {"filename": "DJI_20260904122214_0663_D.JPG", "camera": "v2 hasselblad l3d-100c 6144 4096 brown 0.7777", "focal": 0.7856188734892825, "width": 6144, "height": 4096, "capture_time": 1788524534.0, "translation": [476162.4594919743, 4293057.964528822, 266.1782029022756], "rotation": [0.01543038468876977, -3.127082627895823, -0.0201299815044636]}, "geometry": {"type": "Point", "coordinates": [-93.27446119367545, 38.785936831113794, 266.1782029022756]}}, {"type": "Feature", "properties": {"filename": "DJI_20260904122854_0863_D.JPG", "camera": "v2 hasselblad l3d-100c 6144 4096 brown 0.7777", "focal": 0.7856188734892825, "width": 6144, "height": 4096, "capture_time": 1788524934.0, "translation": [476264.88727546565, 4293157.74036986, 266.2327247710011], "rotation": [-3.130507985884629, -0.02715457778870771, 0.03086746885173813]}, "geometry": {"type": "Point", "coordinates": [-93.27328530336233, 38.7868387333972, 266.2327247710011]}}, {"type": "Feature", "properties": {"filename": "DJI_20260904122716_0814_D.JPG", "camera": "v2 hasselblad l3d-100c 6144 4096 brown 0.7777", "focal": 0.7856188734892825, "width": 6144, "height": 4096, "capture_time": 1788524836.0, "translation": [476244.44509490527, 4293060.780501669, 266.5488197766659], "rotation": [0.02421680162482494, -3.125463226224083, -0.024714686426119122]}, "geometry": {"type": "Point", "coordinates": [-93.27351733302707, 38.78596442065706, 266.5488197766659]}}, {"type": "Feature", "properties": {"filename": "DJI_20260904122830_0851_D.JPG", "camera": "v2 hasselblad l3d-100c 6144 4096 brown 0.7777", "focal": 0.7856188734892825, "width": 6144, "height": 4096, "capture_time": 1788524910.0, "translation": [476264.64142476785, 4293051.118512478, 266.0665824188822], "rotation": [-3.1326663649941877, -0.026256700900145348, 0.030795981094040553]}, "geometry": {"type": "Point", "coordinates": [-93.27328446607176, 38.78587789483286, 266.0665824188822]}}, {"type": "Feature", "properties": {"filename": "DJI_20260904122602_0777_D.JPG", "camera": "v2 hasselblad l3d-100c 6144 4096 brown 0.7777", "focal": 0.7856188734892825, "width": 6144, "height": 4096, "capture_time": 1788524762.0, "translation": [476223.9052556329, 4293066.837873821, 266.0000051554547], "rotation": [-3.129171328755723, -0.015283610510709025, 0.03065168104904198]}, "geometry": {"type": "Point", "coordinates": [-93.27375403139771, 38.78601845343516, 266.0000051554547]}}, {"type": "Feature", "properties": {"filename": "DJI_20260904122604_0778_D.JPG", "camera": "v2 hasselblad l3d-100c 6144 4096 brown 0.7777", "focal": 0.7856188734892825, "width": 6144, "height": 4096, "capture_time": 1788524764.0, "translation": [476223.77168741974, 4293075.748507534, 266.01321660945115], "rotation": [-3.1295050395021775, -0.015233763994049987, 0.031870833247789]}, "geometry": {"type": "Point", "coordinates": [-93.27375587632832, 38.78609874876789, 266.01321660945115]}}, {"type": "Feature", "properties": {"filename": "DJI_20260904122606_0779_D.JPG", "camera": "v2 hasselblad l3d-100c 6144 4096 brown 0.7777", "focal": 0.7856188734892825, "width": 6144, "height": 4096, "capture_time": 1788524766.0, "translation": [476223.8280772194, 4293084.612901416, 266.043951071649], "rotation": [-3.129824718745529, -0.015147573613426172, 0.03355810933912476]}, "geometry": {"type": "Point", "coordinates": [-93.27375553254323, 38.786178632528795, 266.043951071649]}}, {"type": "Feature", "properties": {"filename": "DJI_20260904122708_0810_D.JPG", "camera": "v2 hasselblad l3d-100c 6144 4096 brown 0.7777", "focal": 0.7856188734892825, "width": 6144, "height": 4096, "capture_time": 1788524828.0, "translation": [476244.10617306223, 4293096.539525269, 266.4457228471732], "rotation": [0.024315439506265663, -3.126748745077923, -0.021244855927770128]}, "geometry": {"type": "Point", "coordinates": [-93.27352246649566, 38.786286657015594, 266.4457228471732]}}, {"type": "Feature", "properties": {"filename": "DJI_20260904122246_0679_D.JPG", "camera": "v2 hasselblad l3d-100c 6144 4096 brown 0.7777", "focal": 0.7856188734892825, "width": 6144, "height": 4096, "capture_time": 1788524566.0, "translation": [476161.6201314668, 4292913.744119037, 265.9110149711141], "rotation": [0.005733706499736692, -3.130500272215861, -0.016872146824533914]}, "geometry": {"type": "Point", "coordinates": [-93.27446587511719, 38.78463715380541, 265.9110149711141]}}, {"type": "Feature", "properties": {"filename": "DJI_20260904123000_0896_D.JPG", "camera": "v2 hasselblad l3d-100c 6144 4096 brown 0.7777", "focal": 0.7856188734892825, "width": 6144, "height": 4096, "capture_time": 1788525000.0, "translation": [476285.14699615876, 4293004.3361147605, 266.3979265003403], "rotation": [0.021150290833464445, -3.1317803296948075, -0.024345026256898356]}, "geometry": {"type": "Point", "coordinates": [-93.27304676331327, 38.78545686309017, 266.3979265003403]}}, {"type": "Feature", "properties": {"filename": "DJI_20260904122448_0740_D.JPG", "camera": "v2 hasselblad l3d-100c 6144 4096 brown 0.7777", "focal": 0.7856188734892825, "width": 6144, "height": 4096, "capture_time": 1788524688.0, "translation": [476203.3871574724, 4293049.17589295, 266.46247161049945], "rotation": [0.02250382937683679, -3.1259586795585563, -0.020356672200956064]}, "geometry": {"type": "Point", "coordinates": [-93.27398966172507, 38.7858587373481, 266.46247161049945]}}, {"type": "Feature", "properties": {"filename": "DJI_20260904122444_0738_D.JPG", "camera": "v2 hasselblad l3d-100c 6144 4096 brown 0.7777", "focal": 0.7856188734892825, "width": 6144, "height": 4096, "capture_time": 1788524684.0, "translation": [476203.2094036099, 4293066.980422827, 266.43833107256165], "rotation": [0.02155999044635818, -3.126939137102457, -0.021405999097300524]}, "geometry": {"type": "Point", "coordinates": [-93.27399232240668, 38.786019179588486, 266.43833107256165]}}, {"type": "Feature", "properties": {"filename": "DJI_20260904122442_0737_D.JPG", "camera": "v2 hasselblad l3d-100c 6144 4096 brown 0.7777", "focal": 0.7856188734892825, "width": 6144, "height": 4096, "capture_time": 1788524682.0, "translation": [476203.1755674914, 4293075.968893754, 266.4126565088294], "rotation": [0.02158672711391357, -3.127295438105354, -0.01982660761070597]}, "geometry": {"type": "Point", "coordinates": [-93.27399302200124, 38.7861001790454, 266.4126565088294]}}, {"type": "Feature", "properties": {"filename": "DJI_20260904122424_0728_D.JPG", "camera": "v2 hasselblad l3d-100c 6144 4096 brown 0.7777", "focal": 0.7856188734892825, "width": 6144, "height": 4096, "capture_time": 1788524664.0, "translation": [476203.3087389117, 4293156.037886404, 266.23197754843324], "rotation": [0.014939282939524266, -3.1327846446400986, 0.0035257151587121238]}, "geometry": {"type": "Point", "coordinates": [-93.27399425034643, 38.78682173112865, 266.23197754843324]}}, {"type": "Feature", "properties": {"filename": "DJI_20260904122440_0736_D.JPG", "camera": "v2 hasselblad l3d-100c 6144 4096 brown 0.7777", "focal": 0.7856188734892825, "width": 6144, "height": 4096, "capture_time": 1788524680.0, "translation": [476202.95877305727, 4293084.995419811, 266.36672868842277], "rotation": [0.02105373054609259, -3.127028508696439, -0.01850040537277841]}, "geometry": {"type": "Point", "coordinates": [-93.2739958294447, 38.78618151649923, 266.36672868842277]}}, {"type": "Feature", "properties": {"filename": "DJI_20260904122024_0608_D.JPG", "camera": "v2 hasselblad l3d-100c 6144 4096 brown 0.7777", "focal": 0.7856188734892825, "width": 6144, "height": 4096, "capture_time": 1788524424.0, "translation": [476141.8313075341, 4292919.85445067, 265.9385687342372], "rotation": [3.1301852533389836, 0.03693881805529105, -0.011910393034226049]}, "geometry": {"type": "Point", "coordinates": [-93.27469392481527, 38.78469168226216, 265.9385687342372]}}, {"type": "Feature", "properties": {"filename": "DJI_20260904122832_0852_D.JPG", "camera": "v2 hasselblad l3d-100c 6144 4096 brown 0.7777", "focal": 0.7856188734892825, "width": 6144, "height": 4096, "capture_time": 1788524912.0, "translation": [476264.65639381274, 4293060.026646436, 266.1463930522915], "rotation": [-3.1315645730487063, -0.027001805152986946, 0.03088694454625133]}, "geometry": {"type": "Point", "coordinates": [-93.27328460017122, 38.7859581716495, 266.1463930522915]}}, {"type": "Feature", "properties": {"filename": "DJI_20260904122610_0781_D.JPG", "camera": "v2 hasselblad l3d-100c 6144 4096 brown 0.7777", "focal": 0.7856188734892825, "width": 6144, "height": 4096, "capture_time": 1788524770.0, "translation": [476223.6988933266, 4293102.494205535, 266.0975925290481], "rotation": [-3.129224165656999, -0.015021539262410212, 0.036203545543326734]}, "geometry": {"type": "Point", "coordinates": [-93.27375763613884, 38.78633976793519, 266.0975925290481]}}, {"type": "Feature", "properties": {"filename": "DJI_20260904122904_0868_D.JPG", "camera": "v2 hasselblad l3d-100c 6144 4096 brown 0.7777", "focal": 0.7856188734892825, "width": 6144, "height": 4096, "capture_time": 1788524944.0, "translation": [476264.9711062623, 4293202.406401681, 266.02067814610336], "rotation": [-3.1306711767912567, -0.030552040595506313, 0.03260944003882931]}, "geometry": {"type": "Point", "coordinates": [-93.27328587476741, 38.78724124735555, 266.02067814610336]}}, {"type": "Feature", "properties": {"filename": "DJI_20260904122834_0853_D.JPG", "camera": "v2 hasselblad l3d-100c 6144 4096 brown 0.7777", "focal": 0.7856188734892825, "width": 6144, "height": 4096, "capture_time": 1788524914.0, "translation": [476264.7607624401, 4293068.873802774, 266.15291485980487], "rotation": [-3.1319045793941225, -0.0272532687380774, 0.03130215742327352]}, "geometry": {"type": "Point", "coordinates": [-93.27328370285238, 38.786037901367074, 266.15291485980487]}}, {"type": "Feature", "properties": {"filename": "DJI_20260904122836_0854_D.JPG", "camera": "v2 hasselblad l3d-100c 6144 4096 brown 0.7777", "focal": 0.7856188734892825, "width": 6144, "height": 4096, "capture_time": 1788524916.0, "translation": [476264.8269113441, 4293077.7807833105, 266.21717110875625], "rotation": [-3.13145795657993, -0.026636716662685515, 0.031565786659772894]}, "geometry": {"type": "Point", "coordinates": [-93.27328324764164, 38.786118169165384, 266.21717110875625]}}, {"type": "Feature", "properties": {"filename": "DJI_20260904122958_0895_D.JPG", "camera": "v2 hasselblad l3d-100c 6144 4096 brown 0.7777", "focal": 0.7856188734892825, "width": 6144, "height": 4096, "capture_time": 1788524998.0, "translation": [476285.31695335254, 4293013.3605788695, 266.4081699711961], "rotation": [0.021894800241736432, -3.130411955332481, -0.024834102800020026]}, "geometry": {"type": "Point", "coordinates": [-93.27304511666377, 38.78553819240246, 266.4081699711961]}}, {"type": "Feature", "properties": {"filename": "DJI_20260904122956_0894_D.JPG", "camera": "v2 hasselblad l3d-100c 6144 4096 brown 0.7777", "focal": 0.7856188734892825, "width": 6144, "height": 4096, "capture_time": 1788524996.0, "translation": [476285.26642909384, 4293022.451709347, 266.44852879102797], "rotation": [0.024371852155219864, -3.12987462931586, -0.02394480064977884]}, "geometry": {"type": "Point", "coordinates": [-93.27304601084856, 38.78562011655211, 266.44852879102797]}}, {"type": "Feature", "properties": {"filename": "DJI_20260904122844_0858_D.JPG", "camera": "v2 hasselblad l3d-100c 6144 4096 brown 0.7777", "focal": 0.7856188734892825, "width": 6144, "height": 4096, "capture_time": 1788524924.0, "translation": [476264.775817773, 4293113.2916252185, 266.2732774357106], "rotation": [-3.130823235690226, -0.026414395646309957, 0.032987333932629107]}, "geometry": {"type": "Point", "coordinates": [-93.27328505754217, 38.78643817676905, 266.2732774357106]}}, {"type": "Feature", "properties": {"filename": "DJI_20260904122952_0892_D.JPG", "camera": "v2 hasselblad l3d-100c 6144 4096 brown 0.7777", "focal": 0.7856188734892825, "width": 6144, "height": 4096, "capture_time": 1788524992.0, "translation": [476285.0859036323, 4293040.188308763, 266.50976034093594], "rotation": [0.026278643362506814, -3.127490694031073, -0.02712672436506361]}, "geometry": {"type": "Point", "coordinates": [-93.27304869897982, 38.7857799465925, 266.50976034093594]}}, {"type": "Feature", "properties": {"filename": "DJI_20260904122840_0856_D.JPG", "camera": "v2 hasselblad l3d-100c 6144 4096 brown 0.7777", "focal": 0.7856188734892825, "width": 6144, "height": 4096, "capture_time": 1788524920.0, "translation": [476264.85819937574, 4293095.584043404, 266.25933406634437], "rotation": [-3.130242158856274, -0.02611758186018956, 0.034585134862838623]}, "geometry": {"type": "Point", "coordinates": [-93.2732834998524, 38.786278605606206, 266.25933406634437]}}, {"type": "Feature", "properties": {"filename": "DJI_20260904122856_0864_D.JPG", "camera": "v2 hasselblad l3d-100c 6144 4096 brown 0.7777", "focal": 0.7856188734892825, "width": 6144, "height": 4096, "capture_time": 1788524936.0, "translation": [476264.88063908386, 4293166.615359161, 266.19235774437726], "rotation": [-3.1308429262297484, -0.02770885816040688, 0.030465309914894816]}, "geometry": {"type": "Point", "coordinates": [-93.27328568509249, 38.78691871093298, 266.19235774437726]}}, {"type": "Feature", "properties": {"filename": "DJI_20260904122704_0808_D.JPG", "camera": "v2 hasselblad l3d-100c 6144 4096 brown 0.7777", "focal": 0.7856188734892825, "width": 6144, "height": 4096, "capture_time": 1788524824.0, "translation": [476244.22147020884, 4293114.4704298815, 266.39372035901334], "rotation": [0.023098675916039552, -3.1296465627577437, -0.01810485596850361]}, "geometry": {"type": "Point", "coordinates": [-93.27352175637772, 38.78644824599268, 266.39372035901334]}}, {"type": "Feature", "properties": {"filename": "DJI_20260904122332_0702_D.JPG", "camera": "v2 hasselblad l3d-100c 6144 4096 brown 0.7777", "focal": 0.7856188734892825, "width": 6144, "height": 4096, "capture_time": 1788524612.0, "translation": [476182.34779536026, 4293071.353959517, 265.91608563283586], "rotation": [-3.1278305611962125, -0.006509955828370467, 0.03252735388447181]}, "geometry": {"type": "Point", "coordinates": [-93.27423266794281, 38.786058028682184, 265.91608563283586]}}, {"type": "Feature", "properties": {"filename": "DJI_20260904122930_0881_D.JPG", "camera": "v2 hasselblad l3d-100c 6144 4096 brown 0.7777", "focal": 0.7856188734892825, "width": 6144, "height": 4096, "capture_time": 1788524970.0, "translation": [476285.5247368604, 4293139.676041334, 266.0768021487794], "rotation": [0.03113619353985986, -3.131910036658458, -0.008157105163994025]}, "geometry": {"type": "Point", "coordinates": [-93.27304706591437, 38.786676500607335, 266.0768021487794]}}, {"type": "Feature", "properties": {"filename": "DJI_20260904122842_0857_D.JPG", "camera": "v2 hasselblad l3d-100c 6144 4096 brown 0.7777", "focal": 0.7856188734892825, "width": 6144, "height": 4096, "capture_time": 1788524922.0, "translation": [476264.80682301003, 4293104.444913993, 266.2879852767047], "rotation": [-3.130569682352328, -0.02594373188312365, 0.03328122581090323]}, "geometry": {"type": "Point", "coordinates": [-93.27328439621392, 38.786358454713074, 266.2879852767047]}}, {"type": "Feature", "properties": {"filename": "DJI_20260904122624_0788_D.JPG", "camera": "v2 hasselblad l3d-100c 6144 4096 brown 0.7777", "focal": 0.7856188734892825, "width": 6144, "height": 4096, "capture_time": 1788524784.0, "translation": [476223.7834109954, 4293164.787756943, 265.9804738448897], "rotation": [-3.130965525997603, -0.017335717654996148, 0.031230037801786754]}, "geometry": {"type": "Point", "coordinates": [-93.27375880974576, 38.78690113380905, 265.9804738448897]}}, {"type": "Feature", "properties": {"filename": "DJI_20260904122432_0732_D.JPG", "camera": "v2 hasselblad l3d-100c 6144 4096 brown 0.7777", "focal": 0.7856188734892825, "width": 6144, "height": 4096, "capture_time": 1788524672.0, "translation": [476203.1545960056, 4293120.194562816, 266.5559786012397], "rotation": [0.020742035608950535, -3.1277706864859645, -0.015540272757516077]}, "geometry": {"type": "Point", "coordinates": [-93.27399478883795, 38.78649872184145, 266.5559786012397]}}, {"type": "Feature", "properties": {"filename": "DJI_20260904122204_0658_D.JPG", "camera": "v2 hasselblad l3d-100c 6144 4096 brown 0.7777", "focal": 0.7856188734892825, "width": 6144, "height": 4096, "capture_time": 1788524524.0, "translation": [476161.9147136318, 4293103.068666876, 265.8264247454711], "rotation": [0.015491844669209399, -3.120168827316501, -0.014082363301721799]}, "geometry": {"type": "Point", "coordinates": [-93.27446902444878, 38.786343276137124, 265.8264247454711]}}, {"type": "Feature", "properties": {"filename": "DJI_20260904122336_0704_D.JPG", "camera": "v2 hasselblad l3d-100c 6144 4096 brown 0.7777", "focal": 0.7856188734892825, "width": 6144, "height": 4096, "capture_time": 1788524616.0, "translation": [476182.2478260431, 4293089.100713212, 265.93800571862914], "rotation": [-3.129422691414689, -0.007393157074936429, 0.03297625601774961]}, "geometry": {"type": "Point", "coordinates": [-93.27423443159321, 38.78621795235623, 265.93800571862914]}}, {"type": "Feature", "properties": {"filename": "DJI_20260904122702_0807_D.JPG", "camera": "v2 hasselblad l3d-100c 6144 4096 brown 0.7777", "focal": 0.7856188734892825, "width": 6144, "height": 4096, "capture_time": 1788524822.0, "translation": [476244.352611736, 4293123.369197494, 266.35652484933513], "rotation": [0.022671205279418606, -3.1307880215305657, -0.015594129519159462]}, "geometry": {"type": "Point", "coordinates": [-93.2735205528395, 38.7865284415253, 266.35652484933513]}}, {"type": "Feature", "properties": {"filename": "DJI_20260904122700_0806_D.JPG", "camera": "v2 hasselblad l3d-100c 6144 4096 brown 0.7777", "focal": 0.7856188734892825, "width": 6144, "height": 4096, "capture_time": 1788524820.0, "translation": [476244.36808486824, 4293132.316690789, 266.3762803388813], "rotation": [0.022412578941323633, -3.1314461204382984, -0.012587415841152017]}, "geometry": {"type": "Point", "coordinates": [-93.2735206827605, 38.78660907303533, 266.3762803388813]}}, {"type": "Feature", "properties": {"filename": "DJI_20260904122658_0805_D.JPG", "camera": "v2 hasselblad l3d-100c 6144 4096 brown 0.7777", "focal": 0.7856188734892825, "width": 6144, "height": 4096, "capture_time": 1788524818.0, "translation": [476244.3404591714, 4293141.3225179855, 266.38898981127556], "rotation": [0.02175636564916751, -3.1326813142108394, -0.006885316375231235]}, "geometry": {"type": "Point", "coordinates": [-93.27352131092306, 38.78669022906366, 266.38898981127556]}}, {"type": "Feature", "properties": {"filename": "DJI_20260904122656_0804_D.JPG", "camera": "v2 hasselblad l3d-100c 6144 4096 brown 0.7777", "focal": 0.7856188734892825, "width": 6144, "height": 4096, "capture_time": 1788524816.0, "translation": [476244.36881458765, 4293150.346766816, 266.3334834023596], "rotation": [0.02049521138381132, -3.133805638850521, -0.0003166620202572455]}, "geometry": {"type": "Point", "coordinates": [-93.27352129516466, 38.78677155260759, 266.3334834023596]}}, {"type": "Feature", "properties": {"filename": "DJI_20260904122654_0803_D.JPG", "camera": "v2 hasselblad l3d-100c 6144 4096 brown 0.7777", "focal": 0.7856188734892825, "width": 6144, "height": 4096, "capture_time": 1788524814.0, "translation": [476244.438879853, 4293159.5276232315, 266.32791944612376], "rotation": [0.018440391858544635, -3.1352486707081684, 0.007383334835219538]}, "geometry": {"type": "Point", "coordinates": [-93.2735208045582, 38.78685428855685, 266.32791944612376]}}, {"type": "Feature", "properties": {"filename": "DJI_20260904122622_0787_D.JPG", "camera": "v2 hasselblad l3d-100c 6144 4096 brown 0.7777", "focal": 0.7856188734892825, "width": 6144, "height": 4096, "capture_time": 1788524782.0, "translation": [476223.6948374303, 4293155.840220827, 265.9874261680042], "rotation": [-3.131713962358413, -0.016597282075621354, 0.031287461021700956]}, "geometry": {"type": "Point", "coordinates": [-93.2737595212194, 38.78682049994672, 265.9874261680042]}}, {"type": "Feature", "properties": {"filename": "DJI_20260904122620_0786_D.JPG", "camera": "v2 hasselblad l3d-100c 6144 4096 brown 0.7777", "focal": 0.7856188734892825, "width": 6144, "height": 4096, "capture_time": 1788524780.0, "translation": [476223.79830189527, 4293146.939806512, 266.0465867431948], "rotation": [-3.13171295605336, -0.015980088312486002, 0.03186222273796276]}, "geometry": {"type": "Point", "coordinates": [-93.27375802322288, 38.786740295905076, 266.0465867431948]}}, {"type": "Feature", "properties": {"filename": "DJI_20260904122850_0861_D.JPG", "camera": "v2 hasselblad l3d-100c 6144 4096 brown 0.7777", "focal": 0.7856188734892825, "width": 6144, "height": 4096, "capture_time": 1788524930.0, "translation": [476264.73638917116, 4293139.994213381, 266.270058257163], "rotation": [-3.1303110813897805, -0.027087553744198883, 0.0295773917578348]}, "geometry": {"type": "Point", "coordinates": [-93.2732864301354, 38.786678808345606, 266.270058257163]}}, {"type": "Feature", "properties": {"filename": "DJI_20260904122852_0862_D.JPG", "camera": "v2 hasselblad l3d-100c 6144 4096 brown 0.7777", "focal": 0.7856188734892825, "width": 6144, "height": 4096, "capture_time": 1788524932.0, "translation": [476264.8006186628, 4293148.8730785325, 266.2537866591939], "rotation": [-3.1301028981909575, -0.0270842473261882, 0.029746360529142903]}, "geometry": {"type": "Point", "coordinates": [-93.27328599606045, 38.78675882271926, 266.2537866591939]}}, {"type": "Feature", "properties": {"filename": "DJI_20260904122902_0867_D.JPG", "camera": "v2 hasselblad l3d-100c 6144 4096 brown 0.7777", "focal": 0.7856188734892825, "width": 6144, "height": 4096, "capture_time": 1788524942.0, "translation": [476265.0759575685, 4293193.560429162, 266.10056946400283], "rotation": [-3.1285526043190335, -0.03036132025342085, 0.03477451588901487]}, "geometry": {"type": "Point", "coordinates": [-93.27328436319489, 38.787161533955874, 266.10056946400283]}}, {"type": "Feature", "properties": {"filename": "DJI_20260904122908_0870_D.JPG", "camera": "v2 hasselblad l3d-100c 6144 4096 brown 0.7777", "focal": 0.7856188734892825, "width": 6144, "height": 4096, "capture_time": 1788524948.0, "translation": [476266.82372871134, 4293213.764383461, 265.9901646643627], "rotation": [-2.4919569648029256, 1.8899768000541008, 0.005789707560593566]}, "geometry": {"type": "Point", "coordinates": [-93.27326493455597, 38.787343650640814, 265.9901646643627]}}, {"type": "Feature", "properties": {"filename": "DJI_20260904122028_0610_D.JPG", "camera": "v2 hasselblad l3d-100c 6144 4096 brown 0.7777", "focal": 0.7856188734892825, "width": 6144, "height": 4096, "capture_time": 1788524428.0, "translation": [476141.83158974524, 4292938.092390521, 265.8935907540332], "rotation": [3.132296254557166, 0.006015494199469138, -0.012689238076350145]}, "geometry": {"type": "Point", "coordinates": [-93.27469455217958, 38.7848560350427, 265.8935907540332]}}, {"type": "Feature", "properties": {"filename": "DJI_20260904122026_0609_D.JPG", "camera": "v2 hasselblad l3d-100c 6144 4096 brown 0.7777", "focal": 0.7856188734892825, "width": 6144, "height": 4096, "capture_time": 1788524426.0, "translation": [476141.92448089604, 4292929.032283558, 265.9309044871002], "rotation": [3.129734462712097, 0.01680234562805098, -0.01199907648290491]}, "geometry": {"type": "Point", "coordinates": [-93.27469316940412, 38.78477439161945, 265.9309044871002]}}, {"type": "Feature", "properties": {"filename": "DJI_20260904122256_0684_D.JPG", "camera": "v2 hasselblad l3d-100c 6144 4096 brown 0.7777", "focal": 0.7856188734892825, "width": 6144, "height": 4096, "capture_time": 1788524576.0, "translation": [476183.3816801057, 4292911.2421421725, 265.7414497579302], "rotation": [3.117039029469444, 0.14191415183027456, -0.01727282114424822]}, "geometry": {"type": "Point", "coordinates": [-93.27421523738266, 38.784615195202655, 265.7414497579302]}}, {"type": "Feature", "properties": {"filename": "DJI_20260904122944_0888_D.JPG", "camera": "v2 hasselblad l3d-100c 6144 4096 brown 0.7777", "focal": 0.7856188734892825, "width": 6144, "height": 4096, "capture_time": 1788524984.0, "translation": [476285.27239141625, 4293076.021316678, 266.45342830824916], "rotation": [0.03010992607020523, -3.126607269535054, -0.032302405002132294]}, "geometry": {"type": "Point", "coordinates": [-93.27304778344092, 38.78610286384019, 266.45342830824916]}}, {"type": "Feature", "properties": {"filename": "DJI_20260904122942_0887_D.JPG", "camera": "v2 hasselblad l3d-100c 6144 4096 brown 0.7777", "focal": 0.7856188734892825, "width": 6144, "height": 4096, "capture_time": 1788524982.0, "translation": [476285.4032070434, 4293085.339933643, 266.3281652551218], "rotation": [0.031199578777646928, -3.1261189530642732, -0.02844732024213949]}, "geometry": {"type": "Point", "coordinates": [-93.27304659755832, 38.78618684287421, 266.3281652551218]}}, {"type": "Feature", "properties": {"filename": "DJI_20260904122940_0886_D.JPG", "camera": "v2 hasselblad l3d-100c 6144 4096 brown 0.7777", "focal": 0.7856188734892825, "width": 6144, "height": 4096, "capture_time": 1788524980.0, "translation": [476285.3623042118, 4293094.5304598175, 266.3314688641656], "rotation": [0.032326077589102914, -3.1266159759510654, -0.026304440439327396]}, "geometry": {"type": "Point", "coordinates": [-93.27304738439496, 38.786269662986356, 266.3314688641656]}}, {"type": "Feature", "properties": {"filename": "DJI_20260904122928_0880_D.JPG", "camera": "v2 hasselblad l3d-100c 6144 4096 brown 0.7777", "focal": 0.7856188734892825, "width": 6144, "height": 4096, "capture_time": 1788524968.0, "translation": [476285.5214078622, 4293148.604480181, 266.09320842030047], "rotation": [0.02989725697095818, -3.132899078108994, -0.003267251774537536]}, "geometry": {"type": "Point", "coordinates": [-93.27304741113295, 38.7867569599012, 266.09320842030047]}}, {"type": "Feature", "properties": {"filename": "DJI_20260904122244_0678_D.JPG", "camera": "v2 hasselblad l3d-100c 6144 4096 brown 0.7777", "focal": 0.7856188734892825, "width": 6144, "height": 4096, "capture_time": 1788524564.0, "translation": [476161.698133927, 4292922.941219765, 265.93501909853234], "rotation": [0.007807316292226637, -3.130612214841599, -0.016584224461940925]}, "geometry": {"type": "Point", "coordinates": [-93.27446529477865, 38.78472003638653, 265.93501909853234]}}, {"type": "Feature", "properties": {"filename": "DJI_20260904122926_0879_D.JPG", "camera": "v2 hasselblad l3d-100c 6144 4096 brown 0.7777", "focal": 0.7856188734892825, "width": 6144, "height": 4096, "capture_time": 1788524966.0, "translation": [476285.5387420818, 4293157.549160824, 266.13727896073914], "rotation": [0.028025987737922087, -3.1340142644233917, 0.002987273664155124]}, "geometry": {"type": "Point", "coordinates": [-93.27304751899801, 38.78683756611414, 266.13727896073914]}}, {"type": "Feature", "properties": {"filename": "DJI_20260904122924_0878_D.JPG", "camera": "v2 hasselblad l3d-100c 6144 4096 brown 0.7777", "focal": 0.7856188734892825, "width": 6144, "height": 4096, "capture_time": 1788524964.0, "translation": [476285.4125084179, 4293166.305695972, 266.269746565543], "rotation": [0.025326323209572753, -3.1361345483628718, 0.007372418957274774]}, "geometry": {"type": "Point", "coordinates": [-93.27304927341706, 38.78691647297464, 266.269746565543]}}, {"type": "Feature", "properties": {"filename": "DJI_20260904122922_0877_D.JPG", "camera": "v2 hasselblad l3d-100c 6144 4096 brown 0.7777", "focal": 0.7856188734892825, "width": 6144, "height": 4096, "capture_time": 1788524962.0, "translation": [476285.52226612443, 4293175.294926924, 266.22865516077616], "rotation": [0.021481391593245202, -3.1400731160212265, 0.016488978729507848]}, "geometry": {"type": "Point", "coordinates": [-93.27304831866475, 38.78699748314065, 266.22865516077616]}}, {"type": "Feature", "properties": {"filename": "DJI_20260904122920_0876_D.JPG", "camera": "v2 hasselblad l3d-100c 6144 4096 brown 0.7777", "focal": 0.7856188734892825, "width": 6144, "height": 4096, "capture_time": 1788524960.0, "translation": [476285.54146363557, 4293184.517217246, 266.13575746462567], "rotation": [-0.013222347205722703, 3.140325958945182, -0.024559692737531724]}, "geometry": {"type": "Point", "coordinates": [-93.27304841462127, 38.7870805911034, 266.13575746462567]}}, {"type": "Feature", "properties": {"filename": "DJI_20260904122918_0875_D.JPG", "camera": "v2 hasselblad l3d-100c 6144 4096 brown 0.7777", "focal": 0.7856188734892825, "width": 6144, "height": 4096, "capture_time": 1788524958.0, "translation": [476285.3981781995, 4293193.4857337605, 266.00591899337985], "rotation": [0.0029672621235881827, 3.141101792217511, -0.027520723387420967]}, "geometry": {"type": "Point", "coordinates": [-93.27305037266764, 38.78716140778973, 266.00591899337985]}}, {"type": "Feature", "properties": {"filename": "DJI_20260904122250_0681_D.JPG", "camera": "v2 hasselblad l3d-100c 6144 4096 brown 0.7777", "focal": 0.7856188734892825, "width": 6144, "height": 4096, "capture_time": 1788524570.0, "translation": [476163.48339468037, 4292902.475005366, 265.8096471198801], "rotation": [1.8782669956651528, -2.4969935672215735, -0.02212056852656284]}, "geometry": {"type": "Point", "coordinates": [-93.27444403315981, 38.7845356515892, 265.8096471198801]}}, {"type": "Feature", "properties": {"filename": "DJI_20260904122252_0682_D.JPG", "camera": "v2 hasselblad l3d-100c 6144 4096 brown 0.7777", "focal": 0.7856188734892825, "width": 6144, "height": 4096, "capture_time": 1788524572.0, "translation": [476163.28116067225, 4292903.331004575, 267.5306094800364], "rotation": [2.6441143655340715, -1.5653734222430036, 0.1595819329344277]}, "geometry": {"type": "Point", "coordinates": [-93.27444639114667, 38.78454336003248, 267.5306094800364]}}]}